Name,ExternalId,Test Type,Date,Time,BW [KG],Reps,Tags,Additional Load [lb],Jump Height (Imp-Mom) [cm],Contraction Time [ms] ,Peak Power / BM [W/kg] ,Bodyweight in Pounds [lbs] ,CMJ Stiffness [N/m] ,Vertical Velocity at Takeoff [m/s] ,Eccentric Braking RFD [N/s] ,Positive Impulse [N s] ,Concentric Mean Force [N] ,Concentric Impulse % (Asym) (%),Velocity at Peak Power [m/s] ,Force at Zero Velocity [N] ,Countermovement Depth [cm] ,Eccentric Braking Impulse % (Asym) (%),Eccentric Duration [ms] 
Demo Athlete 01,DEMO001,CMJ,2/16/2026,7:49 AM,91.9,3,,0,48.4,760,64.88,202.6,8562,3.080,5007,331.1,2318,0.3 L,2.892,2635,-30.8,1.0 L,429
Demo Athlete 03,DEMO003,CMJ,2/16/2026,8:34 AM,96.0,3,,0,36.8,718,56.28,211.6,8070,2.686,4708,301.0,2115,0.4 L,2.548,2382,-29.5,5.4 R,431
Demo Athlete 09,DEMO009,CMJ,2/16/2026,9:43 AM,105.9,3,,0,44.7,792,62.33,233.5,7677,2.961,4940,364.4,2376,0.8 L,2.815,2667,-34.7,7.4 L,468
Demo Athlete 10,DEMO010,CMJ,2/16/2026,9:03 AM,83.0,3,,0,49.8,691,65.95,183.0,6708,3.126,4911,294.7,2027,7.5 R,2.932,2244,-33.4,6.0 R,429
Demo Athlete 11,DEMO011,CMJ,2/16/2026,7:16 AM,97.8,3,,0,40.8,859,59.03,215.7,6624,2.829,3205,317.6,2085,9.9 L,2.691,2306,-34.8,9.7 L,503
Demo Athlete 12,DEMO012,CMJ,2/16/2026,10:52 AM,102.3,3,,0,36.4,684,55.74,225.5,5649,2.671,3899,308.6,1939,1.0 R,2.544,2203,-39.0,0.8 L,409
Demo Athlete 13,DEMO013,CMJ,2/16/2026,8:27 AM,104.2,3,,0,40.5,738,59.34,229.7,7457,2.820,4750,341.8,2248,4.4 L,2.671,2519,-33.8,2.4 L,432
Demo Athlete 14,DEMO014,CMJ,2/16/2026,10:48 AM,94.1,3,,0,52.3,849,67.92,207.4,8026,3.204,5023,345.9,2365,0.1 L,3.015,2688,-33.5,1.3 L,503
Demo Athlete 02,DEMO002,CMJ,2/17/2026,7:01 AM,93.7,3,,0,47.7,943,63.46,206.7,6287,3.060,3708,328.0,2089,2.3 L,2.922,2360,-37.5,5.0 L,534
Demo Athlete 06,DEMO006,CMJ,2/17/2026,9:24 AM,98.3,3,,0,43.7,867,61.20,216.6,9132,2.927,4564,322.6,2357,3.0 L,2.744,2759,-30.2,6.0 L,546
Demo Athlete 15,DEMO015,CMJ,2/17/2026,8:08 AM,98.3,3,,0,51.0,731,66.72,216.8,7685,3.163,5175,362.4,2350,0.8 R,3.016,2729,-35.5,5.1 L,463
Demo Athlete 05,DEMO005,CMJ,2/18/2026,8:14 AM,82.3,3,,0,47.1,637,63.07,181.4,9045,3.040,6422,285.2,2169,3.0 L,2.845,2526,-27.9,2.1 L,377
Demo Athlete 08,DEMO008,CMJ,2/18/2026,9:34 AM,105.4,3,,0,43.6,888,61.73,232.5,8585,2.924,4401,357.0,2419,4.6 R,2.759,2796,-32.6,0.9 R,542
Demo Athlete 16,DEMO016,CMJ,2/18/2026,8:14 AM,96.4,3,,0,48.2,826,64.74,212.5,9324,3.076,5080,334.9,2439,5.6 R,2.927,2848,-30.5,1.4 R,448
Demo Athlete 01,DEMO001,CMJ,2/23/2026,9:42 AM,91.4,3,,0,47.4,716,64.39,201.6,7392,3.050,5096,318.7,2143,2.6 L,2.873,2525,-34.2,3.2 L,408
Demo Athlete 03,DEMO003,CMJ,2/23/2026,7:17 AM,96.7,3,,0,40.5,840,58.94,213.2,7331,2.819,4085,306.7,2107,0.7 R,2.666,2432,-33.2,1.2 R,482
Demo Athlete 05,DEMO005,CMJ,2/23/2026,9:21 AM,83.0,3,,0,45.6,742,63.17,182.9,9706,2.992,5699,288.8,2205,4.3 L,2.845,2592,-26.7,5.6 L,438
Demo Athlete 07,DEMO007,CMJ,2/23/2026,8:52 AM,92.2,3,,0,49.2,780,65.02,203.4,5679,3.107,3640,324.0,2010,2.7 L,2.913,2289,-40.3,4.0 L,420
Demo Athlete 08,DEMO008,CMJ,2/23/2026,9:55 AM,105.7,3,,0,43.7,853,61.64,233.1,8712,2.927,4382,357.9,2421,0.8 R,2.727,2851,-32.7,4.6 R,542
Demo Athlete 14,DEMO014,CMJ,2/23/2026,9:25 AM,95.2,3,,0,49.1,878,65.41,209.9,8373,3.105,4264,341.3,2340,1.3 L,2.964,2735,-32.7,4.4 R,493
Demo Athlete 16,DEMO016,CMJ,2/23/2026,10:59 AM,96.9,3,,0,49.8,712,64.84,213.7,10803,3.125,6769,339.4,2621,0.5 R,2.922,3062,-28.3,2.4 R,427
Demo Athlete 02,DEMO002,CMJ,2/24/2026,8:43 AM,94.0,3,,0,46.9,804,63.68,207.3,6324,3.033,4083,322.3,2079,0.7 L,2.840,2365,-37.4,1.2 L,461
Demo Athlete 09,DEMO009,CMJ,2/24/2026,9:26 AM,104.9,3,,0,42.8,805,60.43,231.3,6408,2.897,4298,340.9,2174,5.6 L,2.718,2464,-38.5,5.5 L,480
Demo Athlete 11,DEMO011,CMJ,2/24/2026,9:15 AM,97.7,3,,0,42.1,766,60.28,215.3,8245,2.874,4907,316.4,2258,10.3 L,2.692,2558,-31.0,6.0 L,458
Demo Athlete 13,DEMO013,CMJ,2/24/2026,9:12 AM,104.5,3,,0,40.9,692,58.79,230.4,8168,2.833,4774,338.5,2343,1.1 R,2.652,2600,-31.8,5.9 L,396
Demo Athlete 15,DEMO015,CMJ,2/24/2026,10:45 AM,98.8,3,,0,51.5,658,65.85,217.8,7095,3.180,5333,354.8,2286,2.1 R,2.981,2690,-37.9,2.9 R,382
Demo Athlete 04,DEMO004,CMJ,2/25/2026,9:14 AM,86.5,3,,0,51.4,942,66.07,190.7,6568,3.176,3550,308.2,2084,5.2 L,3.020,2320,-35.3,10.8 L,576
Demo Athlete 12,DEMO012,CMJ,2/25/2026,9:07 AM,101.5,3,,0,38.2,655,56.90,223.9,5368,2.737,4433,327.7,1927,0.9 R,2.607,2193,-40.9,1.8 R,408
Demo Athlete 01,DEMO001,CMJ,3/2/2026,8:31 AM,91.4,3,,0,47.4,787,64.35,201.4,7767,3.050,4668,316.6,2202,3.8 L,2.903,2527,-32.5,5.4 L,457
Demo Athlete 05,DEMO005,CMJ,3/2/2026,8:51 AM,82.4,3,,0,44.1,722,61.08,181.7,9671,2.942,4774,281.5,2195,1.7 L,2.741,2488,-25.7,5.5 L,444
Demo Athlete 08,DEMO008,CMJ,3/2/2026,8:12 AM,105.8,3,,0,44.4,814,62.02,233.2,8379,2.950,4877,358.7,2410,4.1 R,2.813,2812,-33.6,3.2 R,495
Demo Athlete 09,DEMO009,CMJ,3/2/2026,8:49 AM,105.5,3,,0,45.1,810,62.17,232.6,8180,2.976,4484,361.6,2410,2.5 L,2.802,2781,-34.0,2.7 R,480
Demo Athlete 10,DEMO010,CMJ,3/2/2026,8:03 AM,83.0,3,,0,49.2,823,65.02,183.0,6839,3.108,3790,290.4,2031,5.0 R,2.921,2252,-32.9,6.5 R,516
Demo Athlete 15,DEMO015,CMJ,3/2/2026,9:54 AM,98.5,3,,0,54.1,669,68.59,217.2,7392,3.258,6460,374.5,2367,0.3 R,3.075,2761,-37.4,3.4 R,411
Demo Athlete 04,DEMO004,CMJ,3/3/2026,8:55 AM,86.7,3,,0,53.5,946,67.55,191.0,7529,3.240,3872,324.8,2201,0.4 L,3.066,2535,-33.7,6.0 L,592
Demo Athlete 02,DEMO002,CMJ,3/4/2026,10:33 AM,94.9,3,,0,48.7,931,65.00,209.3,6945,3.092,3509,344.1,2169,1.1 R,2.921,2547,-36.7,0.9 R,552
Demo Athlete 06,DEMO006,CMJ,3/4/2026,9:27 AM,98.2,3,,0,43.3,741,61.17,216.4,7631,2.915,4485,321.5,2226,6.5 L,2.726,2521,-33.0,10.8 L,453
Demo Athlete 07,DEMO007,CMJ,3/4/2026,9:57 AM,91.0,3,,0,51.3,1018,66.98,200.5,7402,3.172,3916,339.7,2208,7.5 L,2.969,2575,-34.8,6.9 L,590
Demo Athlete 11,DEMO011,CMJ,3/4/2026,9:22 AM,97.2,3,,0,42.9,697,61.39,214.3,7999,2.901,5275,330.7,2215,2.7 L,2.767,2594,-32.4,8.2 L,432
Demo Athlete 12,DEMO012,CMJ,3/4/2026,10:04 AM,101.1,3,,0,37.3,710,56.02,222.8,6609,2.704,3781,310.8,2065,2.5 R,2.517,2276,-34.4,0.2 L,417
Demo Athlete 13,DEMO013,CMJ,3/4/2026,10:43 AM,103.9,3,,0,40.5,723,59.75,229.1,6487,2.819,4369,329.7,2128,10.4 L,2.669,2416,-37.2,3.2 L,441
Demo Athlete 14,DEMO014,CMJ,3/4/2026,7:53 AM,95.0,3,,0,49.0,736,65.26,209.5,8914,3.101,6066,344.2,2407,0.2 R,2.929,2761,-31.0,5.0 R,414
Demo Athlete 16,DEMO016,CMJ,3/4/2026,8:54 AM,97.7,3,,0,50.5,718,66.12,215.4,10698,3.149,6057,354.5,2635,0.7 R,3.011,3091,-28.9,7.1 R,429
Demo Athlete 01,DEMO001,CMJ,3/9/2026,10:37 AM,91.3,3,,0,47.5,797,63.51,201.2,7233,3.054,4152,316.1,2133,1.3 L,2.861,2489,-34.4,3.1 L,447
Demo Athlete 02,DEMO002,CMJ,3/9/2026,9:18 AM,94.8,3,,0,50.5,890,65.68,208.9,7864,3.147,3908,339.4,2328,3.1 L,2.951,2638,-33.5,1.6 R,523
Demo Athlete 03,DEMO003,CMJ,3/9/2026,7:30 AM,97.1,3,,0,38.6,804,58.15,214.0,7778,2.751,4118,303.1,2137,4.6 R,2.627,2410,-31.0,3.1 R,512
Demo Athlete 06,DEMO006,CMJ,3/9/2026,9:38 AM,99.2,3,,0,42.7,720,60.80,218.6,7674,2.894,4991,338.6,2237,0.6 R,2.699,2520,-32.8,4.3 L,438
Demo Athlete 07,DEMO007,CMJ,3/9/2026,10:30 AM,90.6,3,,0,48.5,841,65.04,199.7,5417,3.084,3619,317.7,1953,5.4 L,2.898,2192,-40.5,4.3 L,494
Demo Athlete 12,DEMO012,CMJ,3/9/2026,10:54 AM,102.2,3,,0,37.7,687,56.62,225.3,6951,2.719,4453,323.8,2108,6.1 L,2.588,2374,-34.1,0.0 R,415
Demo Athlete 05,DEMO005,CMJ,3/10/2026,10:04 AM,82.7,3,,0,46.5,720,63.68,182.3,8447,3.020,4578,293.6,2138,1.2 R,2.834,2400,-28.4,4.1 L,464
Demo Athlete 14,DEMO014,CMJ,3/10/2026,8:48 AM,94.7,3,,0,51.3,820,65.90,208.9,10711,3.173,6023,337.6,2633,3.9 R,2.965,2999,-28.0,2.4 L,471
Demo Athlete 15,DEMO015,CMJ,3/10/2026,10:27 AM,98.4,3,,0,49.9,685,65.00,216.9,7104,3.128,5228,346.6,2253,1.1 R,2.941,2655,-37.4,5.6 R,426
Demo Athlete 09,DEMO009,CMJ,3/11/2026,10:57 AM,105.8,3,,0,43.2,868,61.43,233.1,7697,2.911,4360,349.4,2306,4.8 L,2.743,2719,-35.3,1.6 R,532
Demo Athlete 10,DEMO010,CMJ,3/11/2026,10:31 AM,83.4,3,,0,49.3,852,65.69,183.8,6229,3.111,3392,294.5,1969,0.1 R,2.963,2183,-35.0,4.9 L,536
Demo Athlete 13,DEMO013,CMJ,3/11/2026,8:59 AM,104.6,3,,0,42.2,778,60.30,230.6,7737,2.876,4470,349.1,2287,7.2 L,2.676,2654,-34.3,7.0 L,460
Demo Athlete 01,DEMO001,CMJ,3/16/2026,7:38 AM,92.1,3,,0,48.0,784,64.44,203.1,7236,3.067,4341,324.3,2198,3.8 L,2.916,2424,-33.5,3.9 L,441
Demo Athlete 05,DEMO005,CMJ,3/16/2026,7:45 AM,82.3,3,,0,47.8,732,64.45,181.4,7624,3.063,4434,293.7,2083,2.1 L,2.916,2307,-30.3,3.5 L,443
Demo Athlete 07,DEMO007,CMJ,3/16/2026,9:11 AM,90.3,3,,0,52.4,885,66.50,199.0,5725,3.207,3290,330.6,2043,5.1 L,3.062,2296,-40.1,10.1 L,492
Demo Athlete 08,DEMO008,CMJ,3/16/2026,10:03 AM,105.3,3,,0,44.0,795,60.84,232.2,7909,2.938,4497,361.6,2384,3.0 R,2.819,2661,-33.6,1.8 R,493
Demo Athlete 09,DEMO009,CMJ,3/16/2026,9:46 AM,105.4,3,,0,44.6,842,61.45,232.5,8748,2.958,4585,358.9,2478,5.2 L,2.826,2796,-32.0,2.7 L,501
Demo Athlete 10,DEMO010,CMJ,3/16/2026,8:40 AM,82.7,3,,0,49.9,831,65.00,182.3,6445,3.128,3939,293.5,1968,0.2 R,2.974,2252,-34.9,3.4 R,501
Demo Athlete 12,DEMO012,CMJ,3/16/2026,8:45 AM,101.8,3,,0,34.9,771,55.22,224.4,6884,2.617,3668,301.8,2039,4.3 R,2.507,2306,-33.5,2.5 R,480
Demo Athlete 13,DEMO013,CMJ,3/16/2026,8:44 AM,103.7,3,,0,38.8,744,57.28,228.6,7564,2.759,4309,324.7,2209,2.0 L,2.630,2505,-33.1,4.2 L,453
Demo Athlete 16,DEMO016,CMJ,3/16/2026,7:57 AM,97.9,3,,0,52.4,751,66.41,215.9,9785,3.208,5745,362.0,2582,4.4 R,2.993,3041,-31.1,2.9 L,455
Demo Athlete 02,DEMO002,CMJ,3/17/2026,9:50 AM,93.7,3,,0,48.5,830,63.86,206.6,7824,3.085,4035,327.5,2282,0.9 L,2.877,2560,-32.7,2.4 R,518
Demo Athlete 03,DEMO003,CMJ,3/17/2026,9:43 AM,96.3,3,,0,37.9,917,57.57,212.2,8088,2.728,3527,303.2,2122,1.3 R,2.607,2459,-30.4,2.8 L,591
Demo Athlete 04,DEMO004,CMJ,3/17/2026,7:51 AM,87.2,3,,0,53.8,924,67.84,192.3,6635,3.248,3796,324.8,2123,2.2 L,3.069,2408,-36.3,3.9 L,585
Demo Athlete 15,DEMO015,CMJ,3/17/2026,8:15 AM,98.6,3,,0,50.9,714,65.54,217.5,6444,3.161,4880,359.4,2196,1.6 R,3.001,2585,-40.1,4.8 R,404
Demo Athlete 06,DEMO006,CMJ,3/18/2026,8:39 AM,98.4,3,,0,42.3,650,61.00,217.0,7980,2.881,4786,326.0,2261,1.7 L,2.734,2517,-31.5,12.9 L,385
Demo Athlete 11,DEMO011,CMJ,3/18/2026,8:58 AM,97.0,3,,0,40.2,826,59.01,213.9,6723,2.807,3847,309.3,2061,8.6 L,2.642,2317,-34.5,7.2 L,534
Demo Athlete 01,DEMO001,CMJ,3/23/2026,10:22 AM,90.7,3,,0,49.2,855,64.89,200.0,8017,3.107,4340,323.0,2241,4.2 L,2.947,2597,-32.4,2.8 L,515
Demo Athlete 02,DEMO002,CMJ,3/23/2026,8:36 AM,94.7,3,,0,48.5,917,64.95,208.8,6713,3.084,3760,329.0,2154,0.3 L,2.920,2468,-36.8,0.5 R,521
Demo Athlete 09,DEMO009,CMJ,3/23/2026,9:20 AM,105.7,3,,0,43.8,855,61.67,233.0,7104,2.930,3813,347.1,2263,1.6 L,2.804,2630,-37.0,1.0 L,458
Demo Athlete 03,DEMO003,CMJ,3/24/2026,8:55 AM,96.7,3,,0,38.8,708,57.60,213.1,6532,2.758,4206,309.2,1997,2.3 L,2.572,2291,-35.1,0.2 L,441
Demo Athlete 04,DEMO004,CMJ,3/24/2026,8:53 AM,85.7,3,,0,52.5,990,67.25,188.8,6612,3.209,3777,323.5,2054,2.5 L,3.062,2404,-36.4,9.2 L,599
Demo Athlete 05,DEMO005,CMJ,3/24/2026,8:02 AM,82.3,3,,0,46.8,736,63.05,181.4,10222,3.032,5045,290.8,2282,2.0 L,2.892,2619,-25.6,1.6 L,430
Demo Athlete 06,DEMO006,CMJ,3/24/2026,9:59 AM,98.7,3,,0,43.8,836,61.05,217.6,7834,2.930,4612,328.8,2245,6.4 L,2.731,2601,-33.2,3.7 L,474
Demo Athlete 07,DEMO007,CMJ,3/24/2026,8:47 AM,90.6,3,,0,49.9,828,66.34,199.8,5656,3.130,3573,318.9,2016,7.1 L,2.944,2227,-39.4,5.0 L,468
Demo Athlete 13,DEMO013,CMJ,3/24/2026,9:37 AM,103.9,3,,0,41.7,667,60.11,229.1,7008,2.859,4673,334.0,2223,3.5 L,2.741,2472,-35.3,8.5 L,382
Demo Athlete 14,DEMO014,CMJ,3/24/2026,8:49 AM,94.6,3,,0,51.2,1026,66.96,208.5,10258,3.169,4572,341.8,2560,7.8 R,2.952,2983,-29.1,1.2 L,560
Demo Athlete 08,DEMO008,CMJ,3/25/2026,7:31 AM,105.7,3,,0,43.9,769,61.96,233.1,7936,2.934,5406,359.3,2344,0.0 R,2.791,2764,-34.8,1.7 R,500
Demo Athlete 11,DEMO011,CMJ,3/25/2026,8:30 AM,97.4,3,,0,44.2,695,61.13,214.7,8044,2.945,5797,333.3,2241,8.2 L,2.745,2642,-32.8,10.2 L,422
Demo Athlete 12,DEMO012,CMJ,3/25/2026,7:06 AM,101.3,3,,0,35.6,617,55.89,223.2,6635,2.642,4903,307.9,2004,2.2 L,2.482,2320,-35.0,0.8 R,375
Demo Athlete 01,DEMO001,CMJ,3/30/2026,7:37 AM,91.8,3,,0,47.3,833,63.70,202.4,7485,3.045,4246,318.6,2209,3.3 L,2.877,2435,-32.5,6.3 L,469
Demo Athlete 02,DEMO002,CMJ,3/30/2026,7:18 AM,94.6,3,,0,49.4,833,64.74,208.5,6906,3.114,4473,342.5,2183,0.7 L,2.955,2521,-36.5,1.4 R,514
Demo Athlete 05,DEMO005,CMJ,3/30/2026,8:25 AM,82.5,3,,0,48.1,723,64.20,181.8,7896,3.070,5106,285.1,2084,0.3 R,2.921,2408,-30.5,9.5 L,419
Demo Athlete 08,DEMO008,CMJ,3/30/2026,7:17 AM,106.0,3,,0,44.9,862,61.80,233.6,8900,2.968,4741,365.4,2469,0.6 R,2.768,2905,-32.6,1.2 L,555
Demo Athlete 13,DEMO013,CMJ,3/30/2026,8:52 AM,104.4,3,,0,40.2,747,58.99,230.1,7327,2.808,4246,332.4,2219,7.1 L,2.685,2523,-34.4,6.7 L,449
Demo Athlete 14,DEMO014,CMJ,3/30/2026,9:33 AM,94.7,3,,0,53.1,982,68.24,208.8,10825,3.227,5087,348.3,2676,1.3 R,3.022,3056,-28.2,0.7 L,564
Demo Athlete 16,DEMO016,CMJ,3/30/2026,8:06 AM,96.6,3,,0,50.2,750,66.01,212.9,8134,3.138,5629,342.1,2386,3.8 R,2.980,2687,-33.0,1.8 R,482
Demo Athlete 06,DEMO006,CMJ,3/31/2026,8:19 AM,98.7,3,,0,44.1,823,61.34,217.5,7813,2.943,4429,328.0,2240,2.9 L,2.799,2625,-33.6,6.6 L,542
Demo Athlete 09,DEMO009,CMJ,3/31/2026,8:59 AM,105.0,3,,0,43.9,916,60.74,231.5,7385,2.934,3610,345.2,2320,3.5 L,2.733,2586,-35.0,1.6 L,532
Demo Athlete 10,DEMO010,CMJ,3/31/2026,10:22 AM,84.1,3,,0,49.7,908,65.94,185.4,7294,3.123,3371,303.1,2112,2.0 R,2.933,2324,-31.9,2.8 R,540
Demo Athlete 12,DEMO012,CMJ,3/31/2026,10:46 AM,101.6,3,,0,36.6,724,56.46,224.0,5886,2.679,3771,309.0,1975,2.5 L,2.494,2194,-37.3,4.0 R,452
Demo Athlete 03,DEMO003,CMJ,4/1/2026,10:31 AM,95.2,3,,0,37.4,854,56.24,209.9,6947,2.709,3380,302.0,2011,4.6 R,2.536,2251,-32.4,2.5 L,512
Demo Athlete 07,DEMO007,CMJ,4/1/2026,8:21 AM,91.5,3,,0,50.5,851,65.19,201.8,5745,3.147,3261,337.1,2040,1.9 L,2.933,2280,-39.7,6.3 L,462
Demo Athlete 15,DEMO015,CMJ,4/1/2026,9:48 AM,98.3,3,,0,52.2,697,66.42,216.7,7187,3.200,5749,353.5,2309,1.2 L,3.031,2688,-37.4,1.6 L,417
Demo Athlete 01,DEMO001,CMJ,4/6/2026,8:28 AM,91.7,3,,0,50.3,782,65.08,202.2,8831,3.142,5401,331.2,2358,3.0 L,2.929,2741,-31.0,4.1 L,458
Demo Athlete 04,DEMO004,CMJ,4/6/2026,7:15 AM,87.1,3,,0,53.8,980,68.17,192.1,7921,3.248,4227,321.1,2273,4.4 L,3.055,2567,-32.4,12.1 L,640
Demo Athlete 05,DEMO005,CMJ,4/6/2026,9:05 AM,82.6,3,,0,47.5,772,63.52,182.1,8325,3.053,4832,282.6,2158,3.8 L,2.927,2380,-28.6,0.3 L,465
Demo Athlete 07,DEMO007,CMJ,4/6/2026,9:37 AM,91.0,3,,0,49.6,954,64.78,200.5,6822,3.118,3362,330.5,2109,3.1 L,2.967,2478,-36.3,2.8 R,571
Demo Athlete 10,DEMO010,CMJ,4/6/2026,10:25 AM,83.1,3,,0,47.0,837,63.96,183.2,7114,3.036,4274,288.5,1999,6.7 R,2.911,2304,-32.4,0.8 R,516
Demo Athlete 13,DEMO013,CMJ,4/6/2026,10:25 AM,103.8,3,,0,41.3,665,59.97,228.8,7362,2.846,4745,346.3,2218,6.8 L,2.717,2578,-35.0,13.1 L,399
Demo Athlete 03,DEMO003,CMJ,4/7/2026,9:03 AM,95.5,3,,0,40.1,834,58.30,210.5,8622,2.806,4241,311.5,2237,3.1 R,2.622,2494,-28.9,3.8 L,512
Demo Athlete 11,DEMO011,CMJ,4/7/2026,7:33 AM,97.0,3,,0,40.2,833,58.63,213.9,6858,2.809,3819,315.0,2084,7.9 L,2.668,2318,-33.8,8.0 L,540
Demo Athlete 12,DEMO012,CMJ,4/7/2026,8:01 AM,101.6,3,,0,39.1,784,57.77,223.9,6628,2.768,3904,315.0,2093,1.6 R,2.655,2352,-35.5,0.8 R,494
Demo Athlete 06,DEMO006,CMJ,4/8/2026,9:26 AM,97.8,3,,0,43.3,745,60.67,215.7,8357,2.916,5150,333.1,2266,4.3 L,2.718,2660,-31.8,9.9 L,447
Demo Athlete 08,DEMO008,CMJ,4/8/2026,9:50 AM,105.0,3,,0,42.5,894,60.54,231.5,7947,2.889,4012,351.5,2321,0.4 R,2.734,2699,-34.0,0.5 L,541
Demo Athlete 09,DEMO009,CMJ,4/8/2026,10:44 AM,106.2,3,,0,44.9,862,62.58,234.2,6897,2.968,3912,367.7,2295,0.2 R,2.770,2575,-37.3,4.1 L,489
Demo Athlete 15,DEMO015,CMJ,4/8/2026,10:32 AM,98.4,3,,0,51.8,767,66.41,217.0,7056,3.188,5284,352.5,2305,1.2 L,3.041,2636,-37.4,3.8 R,473
Demo Athlete 01,DEMO001,CMJ,4/13/2026,7:35 AM,92.5,3,,0,47.7,754,64.11,203.8,9905,3.059,6193,323.7,2424,4.2 L,2.879,2824,-28.5,2.1 L,440
Demo Athlete 03,DEMO003,CMJ,4/13/2026,9:41 AM,95.9,3,,0,39.9,822,58.16,211.4,7630,2.798,4298,302.6,2100,1.8 R,2.661,2472,-32.4,3.1 L,503
Demo Athlete 07,DEMO007,CMJ,4/13/2026,9:23 AM,91.1,3,,0,52.7,987,66.56,200.9,6430,3.215,3647,340.8,2146,1.8 L,3.031,2419,-37.6,4.5 L,573
Demo Athlete 08,DEMO008,CMJ,4/13/2026,8:15 AM,105.7,3,,0,45.8,846,62.96,233.1,9096,2.997,4687,360.5,2503,0.2 L,2.877,2947,-32.4,12.8 R,546
Demo Athlete 09,DEMO009,CMJ,4/13/2026,8:21 AM,105.0,3,,0,45.4,824,61.93,231.4,7027,2.985,4305,352.5,2301,2.0 L,2.833,2586,-36.8,1.5 R,492
Demo Athlete 11,DEMO011,CMJ,4/13/2026,8:21 AM,97.9,3,,0,41.4,959,60.28,215.9,7426,2.851,3541,318.9,2178,3.4 L,2.678,2428,-32.7,3.5 L,584
Demo Athlete 12,DEMO012,CMJ,4/13/2026,10:15 AM,100.9,3,,0,34.9,751,55.06,222.5,5543,2.615,3286,306.3,1895,1.5 L,2.467,2116,-38.2,4.4 R,472
Demo Athlete 14,DEMO014,CMJ,4/13/2026,9:08 AM,94.4,3,,0,52.3,876,66.33,208.1,10476,3.203,5804,353.5,2608,0.6 R,3.007,3014,-28.8,1.0 L,495
Demo Athlete 02,DEMO002,CMJ,4/14/2026,8:20 AM,94.7,3,,0,49.5,774,64.52,208.8,6326,3.115,3854,332.2,2132,0.0 L,2.909,2416,-38.2,2.7 L,450
Demo Athlete 13,DEMO013,CMJ,4/14/2026,10:52 AM,104.1,3,,0,41.5,720,59.10,229.4,6843,2.854,4677,334.3,2164,8.7 L,2.723,2538,-37.1,2.7 L,452
Demo Athlete 16,DEMO016,CMJ,4/14/2026,9:18 AM,96.1,3,,0,51.1,714,66.74,212.0,10811,3.165,6096,344.1,2639,5.6 R,3.034,3070,-28.4,7.5 R,437
Demo Athlete 04,DEMO004,CMJ,4/15/2026,10:33 AM,86.1,3,,0,52.7,814,66.70,189.9,6236,3.215,3582,311.5,2055,1.8 L,3.010,2292,-36.8,1.7 L,523
Demo Athlete 10,DEMO010,CMJ,4/15/2026,7:31 AM,83.6,3,,0,49.1,898,65.38,184.3,6944,3.104,3458,303.1,2009,0.8 R,2.954,2353,-33.9,3.9 R,537
Demo Athlete 01,DEMO001,CMJ,4/20/2026,8:56 AM,92.7,3,,0,46.7,774,63.11,204.3,7414,3.027,4459,322.7,2172,2.9 L,2.901,2492,-33.6,6.6 L,426
Demo Athlete 02,DEMO002,CMJ,4/20/2026,8:03 AM,94.6,3,,0,48.5,918,65.20,208.6,7208,3.086,4296,339.1,2188,3.5 R,2.933,2578,-35.8,0.1 L,563
Demo Athlete 03,DEMO003,CMJ,4/20/2026,8:37 AM,95.8,3,,0,40.3,837,58.38,211.2,7440,2.810,3871,316.0,2100,1.0 R,2.656,2425,-32.6,2.4 R,517
Demo Athlete 06,DEMO006,CMJ,4/20/2026,10:08 AM,98.3,3,,0,42.9,736,61.42,216.6,10491,2.902,5945,324.1,2518,6.5 L,2.707,2794,-26.6,10.9 L,410
Demo Athlete 08,DEMO008,CMJ,4/20/2026,9:37 AM,105.3,3,,0,45.6,859,63.24,232.2,9016,2.990,4936,368.2,2486,1.8 L,2.852,2922,-32.4,4.4 R,517
Demo Athlete 09,DEMO009,CMJ,4/20/2026,8:30 AM,105.2,3,,0,43.8,773,60.79,231.9,7859,2.931,5202,356.9,2353,3.0 L,2.737,2688,-34.2,3.1 R,442
Demo Athlete 11,DEMO011,CMJ,4/20/2026,9:44 AM,97.5,3,,0,42.6,817,60.32,215.0,8686,2.890,4542,323.3,2294,7.8 L,2.763,2646,-30.5,5.0 L,505
Demo Athlete 12,DEMO012,CMJ,4/20/2026,8:36 AM,101.9,3,,0,37.4,718,56.54,224.6,6245,2.708,4165,322.7,2038,0.7 R,2.550,2248,-36.0,6.0 R,418
Demo Athlete 13,DEMO013,CMJ,4/20/2026,9:02 AM,104.8,3,,0,43.1,679,61.60,231.1,7577,2.909,5086,350.7,2287,3.4 L,2.737,2671,-35.3,4.0 L,411
Demo Athlete 14,DEMO014,CMJ,4/20/2026,8:24 AM,94.9,3,,0,52.0,911,66.62,209.2,8494,3.193,4794,342.9,2439,2.0 R,3.015,2726,-32.1,0.1 R,567
Demo Athlete 15,DEMO015,CMJ,4/20/2026,8:43 AM,98.0,3,,0,51.3,786,66.79,216.1,6920,3.173,4141,353.6,2303,3.3 R,3.043,2546,-36.8,2.5 R,452
Demo Athlete 05,DEMO005,CMJ,4/21/2026,9:30 AM,82.6,3,,0,46.8,659,62.82,182.1,10063,3.032,6463,286.7,2307,2.1 L,2.884,2552,-25.4,9.4 L,391
Demo Athlete 07,DEMO007,CMJ,4/21/2026,8:39 AM,90.7,3,,0,52.7,813,68.11,200.0,6505,3.216,4300,328.1,2153,0.7 R,3.045,2415,-37.1,7.2 L,495
Demo Athlete 10,DEMO010,CMJ,4/21/2026,8:58 AM,83.5,3,,0,50.6,853,66.26,184.1,6638,3.149,3642,300.8,2024,3.2 L,2.990,2283,-34.4,3.1 R,510
Demo Athlete 16,DEMO016,CMJ,4/21/2026,9:20 AM,97.8,3,,0,51.6,802,66.16,215.6,11358,3.183,5551,356.7,2768,4.2 R,2.964,3112,-27.4,7.4 R,472
Demo Athlete 01,DEMO001,CMJ,4/27/2026,9:05 AM,91.8,3,,0,47.7,711,63.43,202.4,7196,3.059,4787,324.2,2173,2.7 L,2.900,2428,-33.7,8.5 L,396
Demo Athlete 07,DEMO007,CMJ,4/27/2026,8:28 AM,90.1,3,,0,48.8,849,65.01,198.6,7257,3.093,3938,318.8,2142,3.3 L,2.941,2486,-34.3,3.3 L,471
Demo Athlete 10,DEMO010,CMJ,4/27/2026,8:27 AM,84.0,3,,0,50.1,802,65.90,185.2,7118,3.135,4520,305.1,2055,2.3 R,2.955,2387,-33.5,6.1 L,487
Demo Athlete 05,DEMO005,CMJ,4/28/2026,8:31 AM,82.5,3,,0,45.7,810,63.10,181.9,7662,2.995,4119,284.2,2051,2.6 L,2.866,2283,-29.8,2.3 L,458
Demo Athlete 06,DEMO006,CMJ,4/28/2026,8:09 AM,98.7,3,,0,43.4,763,60.69,217.5,8818,2.918,4766,332.3,2358,4.3 L,2.723,2666,-30.2,6.8 L,467
Demo Athlete 11,DEMO011,CMJ,4/28/2026,9:37 AM,96.9,3,,0,42.6,890,61.14,213.6,7140,2.890,3749,314.1,2129,4.9 L,2.761,2452,-34.3,15.6 L,536
Demo Athlete 12,DEMO012,CMJ,4/28/2026,8:54 AM,101.0,3,,0,35.5,710,55.72,222.6,6408,2.638,4224,301.8,1966,3.0 L,2.488,2308,-36.0,0.6 L,419
Demo Athlete 16,DEMO016,CMJ,4/28/2026,10:07 AM,96.0,3,,0,54.6,834,68.98,211.7,10126,3.273,5475,365.4,2692,7.2 R,3.076,2976,-29.4,0.4 L,493
Demo Athlete 02,DEMO002,CMJ,4/29/2026,8:35 AM,94.5,3,,0,48.4,940,64.41,208.4,7818,3.080,4355,331.4,2262,7.5 R,2.919,2627,-33.6,2.7 R,619
Demo Athlete 04,DEMO004,CMJ,4/29/2026,9:55 AM,86.6,3,,0,54.9,886,68.63,190.9,5763,3.283,3823,326.2,2005,3.4 L,3.116,2327,-40.4,7.0 L,550
Demo Athlete 08,DEMO008,CMJ,4/29/2026,9:32 AM,106.0,3,,0,45.5,811,62.04,233.8,8638,2.989,4789,357.7,2478,2.7 R,2.838,2845,-32.9,3.4 L,531
Demo Athlete 14,DEMO014,CMJ,4/29/2026,8:55 AM,94.9,3,,0,53.4,782,68.60,209.2,8524,3.238,5745,356.6,2427,4.0 R,3.027,2834,-33.3,1.3 R,431
Demo Athlete 15,DEMO015,CMJ,4/29/2026,8:21 AM,98.9,3,,0,53.3,747,67.06,218.0,7447,3.232,5547,373.6,2395,1.9 R,3.051,2700,-36.3,5.1 R,430
Demo Athlete 01,DEMO001,CMJ,5/4/2026,10:50 AM,91.9,3,,0,51.1,770,66.69,202.6,7854,3.166,5138,334.7,2269,4.0 L,3.004,2646,-33.7,0.6 L,452
Demo Athlete 02,DEMO002,CMJ,5/4/2026,9:42 AM,94.4,3,,0,49.6,863,65.24,208.1,6510,3.120,4318,335.1,2142,0.8 L,2.913,2459,-37.8,3.3 R,499
Demo Athlete 04,DEMO004,CMJ,5/4/2026,10:29 AM,86.9,3,,0,54.7,947,69.09,191.5,6586,3.275,3461,335.6,2102,3.2 L,3.087,2455,-37.3,5.5 L,594
Demo Athlete 05,DEMO005,CMJ,5/4/2026,9:30 AM,82.1,3,,0,47.3,719,63.19,180.9,9141,3.045,5738,288.8,2177,3.5 L,2.858,2536,-27.7,3.5 L,403
Demo Athlete 06,DEMO006,CMJ,5/4/2026,9:23 AM,98.2,3,,0,40.7,767,59.83,216.5,8241,2.825,4305,317.0,2213,1.5 R,2.652,2586,-31.4,3.0 L,526
Demo Athlete 08,DEMO008,CMJ,5/4/2026,7:50 AM,105.1,3,,0,44.2,877,61.56,231.7,7351,2.944,4134,348.5,2283,3.6 R,2.824,2675,-36.4,3.6 R,582
Demo Athlete 10,DEMO010,CMJ,5/4/2026,8:59 AM,83.3,3,,0,50.5,867,66.55,183.6,6446,3.148,3276,302.8,2014,2.2 R,3.008,2220,-34.4,2.7 L,559
Demo Athlete 11,DEMO011,CMJ,5/4/2026,8:12 AM,97.9,3,,0,42.1,876,59.97,215.7,8404,2.874,4006,329.0,2275,5.1 L,2.728,2584,-30.7,7.2 L,526
Demo Athlete 14,DEMO014,CMJ,5/4/2026,9:09 AM,95.2,3,,0,53.0,801,66.81,209.9,8755,3.225,5460,354.3,2493,4.0 R,3.059,2780,-31.8,5.4 R,452
Demo Athlete 18,DEMO018,CMJ,5/4/2026,8:35 AM,81.0,3,,0,37.2,705,56.99,178.5,6015,2.702,3779,254.4,1710,23.4 L,2.573,1940,-32.3,25.6 L,435
Demo Athlete 03,DEMO003,CMJ,5/5/2026,8:10 AM,95.9,3,,0,39.4,853,58.71,211.5,8913,2.780,4202,301.8,2261,0.3 R,2.605,2503,-28.1,1.3 L,518
Demo Athlete 13,DEMO013,CMJ,5/5/2026,7:44 AM,104.1,3,,0,42.4,670,60.62,229.5,9133,2.883,5157,341.0,2472,9.2 L,2.739,2722,-29.8,8.4 L,370
Demo Athlete 16,DEMO016,CMJ,5/5/2026,9:33 AM,97.5,3,,0,55.7,801,68.53,215.0,11465,3.305,6728,366.4,2868,4.8 R,3.130,3195,-27.9,3.0 R,508
Demo Athlete 17,DEMO017,CMJ,5/5/2026,9:01 AM,102.5,3,,0,32.5,852,53.06,226.0,5585,2.523,2805,298.4,1876,10.9 L,2.409,2094,-37.5,11.6 L,527
Demo Athlete 07,DEMO007,CMJ,5/6/2026,9:25 AM,90.6,3,,0,50.5,858,66.40,199.8,7179,3.147,4302,336.1,2193,2.2 L,2.979,2470,-34.4,10.4 L,464
Demo Athlete 09,DEMO009,CMJ,5/6/2026,9:16 AM,104.4,3,,0,43.0,751,60.81,230.2,7989,2.904,4510,354.2,2327,2.1 L,2.749,2700,-33.8,5.3 L,470
Demo Athlete 12,DEMO012,CMJ,5/6/2026,8:42 AM,101.5,3,,0,38.0,690,56.86,223.8,7544,2.731,4170,323.7,2178,0.1 R,2.550,2416,-32.0,6.0 R,421
Demo Athlete 15,DEMO015,CMJ,5/6/2026,9:45 AM,99.5,3,,0,54.1,663,68.93,219.4,8030,3.259,6843,377.0,2450,3.3 L,3.041,2880,-35.9,5.4 R,380
Demo Athlete 01,DEMO001,CMJ,5/11/2026,10:58 AM,91.7,3,,0,47.7,764,64.55,202.3,7760,3.059,4452,315.4,2213,2.6 L,2.933,2538,-32.7,4.2 L,450
Demo Athlete 02,DEMO002,CMJ,5/11/2026,8:08 AM,94.3,3,,0,49.4,762,64.77,207.9,7382,3.112,5151,342.5,2240,1.2 L,2.896,2563,-34.7,0.6 R,462
Demo Athlete 04,DEMO004,CMJ,5/11/2026,8:10 AM,86.4,3,,0,54.0,901,67.47,190.4,8254,3.254,4409,322.0,2262,6.8 L,3.096,2668,-32.3,5.6 L,594
Demo Athlete 10,DEMO010,CMJ,5/11/2026,9:48 AM,83.7,3,,0,49.9,839,64.77,184.6,5622,3.129,3790,296.1,1904,6.2 R,2.929,2128,-37.8,2.7 R,502
Demo Athlete 12,DEMO012,CMJ,5/11/2026,8:15 AM,101.3,3,,0,35.8,783,56.11,223.4,5302,2.652,3095,313.7,1881,0.5 R,2.502,2129,-40.1,2.2 L,499
Demo Athlete 14,DEMO014,CMJ,5/11/2026,7:50 AM,93.6,3,,0,53.5,797,68.36,206.3,9685,3.240,5956,343.6,2544,1.4 L,3.089,2926,-30.2,0.7 R,468
Demo Athlete 15,DEMO015,CMJ,5/11/2026,9:26 AM,99.3,3,,0,53.4,694,68.03,219.0,7075,3.237,5441,361.4,2348,4.1 R,3.043,2681,-37.9,4.6 R,447
Demo Athlete 20,DEMO020,CMJ,5/11/2026,9:02 AM,83.6,3,,0,36.2,1034,56.30,184.3,6099,2.665,2205,260.9,1755,25.8 L,2.491,1937,-31.8,32.9 L,582
Demo Athlete 06,DEMO006,CMJ,5/12/2026,8:04 AM,98.1,3,,0,44.5,781,61.58,216.2,7539,2.955,4446,326.5,2244,2.1 L,2.758,2517,-33.4,4.5 L,452
Demo Athlete 07,DEMO007,CMJ,5/12/2026,7:36 AM,91.1,3,,0,52.8,766,67.38,200.9,6575,3.220,4608,340.8,2141,3.5 L,3.064,2491,-37.9,3.4 L,428
Demo Athlete 03,DEMO003,CMJ,5/13/2026,8:07 AM,95.9,3,,0,38.1,892,57.38,211.4,7575,2.735,3694,308.4,2094,3.1 R,2.583,2355,-31.1,0.5 R,512
Demo Athlete 08,DEMO008,CMJ,5/13/2026,7:39 AM,105.2,3,,0,44.2,931,61.45,231.8,9002,2.945,4137,348.1,2470,2.5 R,2.744,2854,-31.7,0.1 L,602
Demo Athlete 11,DEMO011,CMJ,5/13/2026,8:06 AM,96.9,3,,0,41.2,911,59.12,213.6,6713,2.844,3539,309.6,2063,5.2 L,2.695,2363,-35.2,2.7 L,562
Demo Athlete 13,DEMO013,CMJ,5/13/2026,7:01 AM,104.6,3,,0,43.7,844,62.04,230.6,6307,2.929,3489,348.1,2182,4.0 L,2.774,2449,-38.8,1.3 R,484
Demo Athlete 16,DEMO016,CMJ,5/13/2026,8:44 AM,96.9,3,,0,51.0,842,66.01,213.6,10656,3.162,5182,352.2,2658,0.2 L,2.991,3021,-28.3,5.4 R,505
Demo Athlete 01,DEMO001,CMJ,5/18/2026,7:22 AM,91.2,3,,0,48.5,801,64.74,201.1,7460,3.086,4476,321.3,2186,5.6 L,2.893,2509,-33.6,7.1 L,483
Demo Athlete 04,DEMO004,CMJ,5/18/2026,9:16 AM,85.8,3,,0,52.4,1010,67.56,189.2,6779,3.206,3601,314.2,2079,6.4 L,3.021,2417,-35.7,8.5 L,616
Demo Athlete 11,DEMO011,CMJ,5/18/2026,8:15 AM,98.3,3,,0,42.6,905,59.94,216.8,7096,2.892,3788,325.3,2161,11.2 L,2.774,2440,-34.4,4.1 L,578
Demo Athlete 14,DEMO014,CMJ,5/18/2026,10:58 AM,94.3,3,,0,51.0,813,65.67,207.9,9684,3.163,5996,351.4,2486,0.9 L,3.015,2924,-30.2,7.6 R,453
Demo Athlete 18,DEMO018,CMJ,5/18/2026,10:46 AM,80.3,3,,0,38.9,787,57.68,177.0,5251,2.763,2841,250.9,1641,20.0 L,2.651,1885,-35.9,21.4 L,485
Demo Athlete 03,DEMO003,CMJ,5/19/2026,10:50 AM,95.8,3,,0,37.9,891,57.76,211.2,7178,2.726,3272,307.3,2032,5.4 R,2.537,2339,-32.6,1.2 R,539
Demo Athlete 05,DEMO005,CMJ,5/19/2026,8:16 AM,82.8,3,,0,47.7,707,64.14,182.5,7137,3.060,4542,295.7,2038,1.6 L,2.937,2257,-31.6,7.8 L,431
Demo Athlete 06,DEMO006,CMJ,5/19/2026,9:26 AM,98.1,3,,0,43.3,691,61.62,216.3,8950,2.913,6105,329.0,2332,1.7 L,2.762,2721,-30.4,9.9 L,416
Demo Athlete 08,DEMO008,CMJ,5/19/2026,9:51 AM,105.8,3,,0,47.9,942,64.22,233.3,9312,3.066,5030,374.9,2577,1.9 R,2.858,3010,-32.3,7.0 R,592
Demo Athlete 09,DEMO009,CMJ,5/19/2026,10:22 AM,104.5,3,,0,43.8,775,60.80,230.4,7925,2.931,4690,354.6,2326,1.9 L,2.769,2736,-34.5,1.0 L,426
Demo Athlete 13,DEMO013,CMJ,5/19/2026,9:59 AM,103.5,3,,0,42.7,643,60.65,228.1,8234,2.894,5649,350.1,2332,3.9 L,2.733,2711,-32.9,6.1 L,389
Demo Athlete 15,DEMO015,CMJ,5/19/2026,9:15 AM,98.3,3,,0,51.3,621,67.04,216.6,7731,3.174,5985,362.4,2387,3.8 R,3.021,2690,-34.8,0.2 R,368
Demo Athlete 17,DEMO017,CMJ,5/19/2026,10:18 AM,103.7,3,,0,35.5,831,55.59,228.5,7904,2.639,3665,322.7,2194,10.7 L,2.490,2424,-30.7,10.6 L,523
Demo Athlete 07,DEMO007,CMJ,5/20/2026,8:07 AM,91.6,3,,0,50.2,940,66.50,201.9,6681,3.139,3587,330.5,2119,3.3 L,2.959,2470,-37.0,3.7 L,508
Demo Athlete 12,DEMO012,CMJ,5/20/2026,8:06 AM,101.1,3,,0,36.5,757,55.76,222.9,6539,2.677,4127,313.7,2003,2.9 R,2.561,2346,-35.9,5.8 R,445
Demo Athlete 01,DEMO001,CMJ,5/25/2026,8:44 AM,91.9,3,,0,47.7,696,63.46,202.5,7328,3.058,4922,320.4,2174,1.4 L,2.887,2472,-33.7,14.5 L,384
Demo Athlete 02,DEMO002,CMJ,5/25/2026,9:03 AM,93.6,3,,0,48.5,825,64.34,206.3,6234,3.085,3967,336.3,2098,8.2 R,2.930,2352,-37.7,2.2 R,482
Demo Athlete 05,DEMO005,CMJ,5/25/2026,8:33 AM,82.5,3,,0,47.8,653,63.71,181.9,7661,3.061,5658,288.5,2040,0.4 L,2.938,2406,-31.4,3.6 L,379
Demo Athlete 06,DEMO006,CMJ,5/25/2026,9:22 AM,98.7,3,,0,43.1,633,60.59,217.6,8719,2.908,6356,326.4,2345,9.0 L,2.738,2643,-30.3,3.7 R,361
Demo Athlete 07,DEMO007,CMJ,5/25/2026,9:25 AM,90.6,3,,0,50.6,971,65.74,199.6,6582,3.152,3710,321.4,2134,5.8 L,3.016,2376,-36.1,0.5 L,515
Demo Athlete 08,DEMO008,CMJ,5/25/2026,10:02 AM,106.5,3,,0,45.0,758,62.26,234.8,7554,2.970,4961,355.5,2376,3.9 R,2.793,2667,-35.3,0.5 R,467
Demo Athlete 13,DEMO013,CMJ,5/25/2026,8:01 AM,105.3,3,,0,43.3,781,60.46,232.1,7473,2.915,4815,359.2,2299,4.1 L,2.768,2638,-35.3,1.6 R,447
Demo Athlete 14,DEMO014,CMJ,5/25/2026,10:57 AM,95.0,3,,0,52.6,784,67.08,209.4,10045,3.213,6381,345.9,2572,0.1 L,3.002,3003,-29.9,3.4 R,447
Demo Athlete 03,DEMO003,CMJ,5/26/2026,10:37 AM,95.5,3,,0,39.9,870,58.08,210.6,8011,2.796,4214,300.8,2163,0.3 R,2.619,2440,-30.5,4.8 R,539
Demo Athlete 04,DEMO004,CMJ,5/26/2026,10:59 AM,86.6,3,,0,56.3,870,69.55,191.0,7710,3.323,4425,326.8,2289,3.0 L,3.132,2564,-33.3,7.2 L,551
Demo Athlete 09,DEMO009,CMJ,5/26/2026,7:12 AM,104.5,3,,0,43.9,855,60.84,230.4,8146,2.933,4769,356.2,2374,0.9 L,2.758,2716,-33.3,0.7 R,493
Demo Athlete 12,DEMO012,CMJ,5/26/2026,10:23 AM,101.8,3,,0,38.3,693,57.33,224.4,6910,2.740,4672,319.3,2108,0.7 L,2.558,2381,-34.5,2.0 L,438
Demo Athlete 16,DEMO016,CMJ,5/26/2026,9:52 AM,97.1,3,,0,51.8,751,67.13,214.0,10767,3.189,6085,349.8,2663,3.2 R,2.986,3106,-28.8,0.0 R,424
Demo Athlete 20,DEMO020,CMJ,5/26/2026,9:46 AM,83.0,3,,0,40.8,835,59.55,182.9,8040,2.829,3876,269.8,1982,20.4 L,2.682,2284,-28.4,21.6 L,482
Demo Athlete 10,DEMO010,CMJ,5/27/2026,8:37 AM,82.8,3,,0,50.3,928,66.22,182.5,7058,3.141,3904,302.9,2034,1.4 R,2.996,2361,-33.5,1.3 L,571
Demo Athlete 15,DEMO015,CMJ,5/27/2026,10:17 AM,99.9,3,,0,52.1,616,66.96,220.1,7423,3.196,6130,363.0,2400,3.0 R,3.004,2665,-35.9,2.0 R,386
Demo Athlete 19,DEMO019,CMJ,5/27/2026,7:00 AM,96.7,3,,0,36.4,911,56.61,213.2,6017,2.674,2796,290.8,1909,24.6 L,2.565,2167,-36.0,30.7 L,558
Demo Athlete 01,DEMO001,CMJ,6/1/2026,9:14 AM,92.9,3,,0,47.9,748,64.38,204.8,9545,3.066,5599,328.8,2418,2.2 L,2.911,2766,-29.0,10.8 L,455
Demo Athlete 06,DEMO006,CMJ,6/1/2026,10:53 AM,98.0,3,,0,41.8,742,59.36,216.0,7944,2.865,4404,328.8,2241,3.3 L,2.718,2496,-31.4,6.5 L,479
Demo Athlete 08,DEMO008,CMJ,6/1/2026,9:18 AM,106.0,3,,0,42.8,875,60.21,233.7,8085,2.898,3976,353.8,2387,0.6 R,2.775,2672,-33.1,8.0 R,502
Demo Athlete 11,DEMO011,CMJ,6/1/2026,8:01 AM,97.7,3,,0,40.7,831,59.56,215.5,7282,2.824,3505,311.5,2154,2.7 L,2.631,2374,-32.6,13.6 L,503
Demo Athlete 13,DEMO013,CMJ,6/1/2026,9:23 AM,104.3,3,,0,44.2,715,62.26,229.9,7489,2.944,5267,356.6,2297,4.4 L,2.816,2657,-35.5,0.9 L,421
Demo Athlete 15,DEMO015,CMJ,6/1/2026,8:04 AM,98.7,3,,0,55.1,678,68.72,217.7,7618,3.289,6112,376.2,2439,4.8 R,3.083,2767,-36.3,5.0 L,385
Demo Athlete 17,DEMO017,CMJ,6/1/2026,9:10 AM,103.4,3,,0,34.6,738,54.18,228.0,7005,2.605,4107,316.3,2050,6.5 L,2.463,2374,-33.9,1.4 L,454
Demo Athlete 18,DEMO018,CMJ,6/1/2026,9:26 AM,80.1,3,,0,43.3,697,61.46,176.7,5884,2.916,3953,273.5,1755,11.4 L,2.755,2070,-35.2,16.5 L,403
Demo Athlete 03,DEMO003,CMJ,6/2/2026,7:04 AM,96.0,3,,0,36.6,893,56.74,211.7,6625,2.680,3429,300.8,1961,1.5 R,2.558,2242,-33.8,3.5 R,540
Demo Athlete 07,DEMO007,CMJ,6/2/2026,8:33 AM,90.6,3,,0,48.6,864,65.34,199.7,6341,3.087,4072,314.7,2053,6.1 L,2.940,2351,-37.1,4.6 L,461
Demo Athlete 09,DEMO009,CMJ,6/2/2026,7:52 AM,105.1,3,,0,45.2,879,62.44,231.7,7244,2.978,3944,362.8,2327,1.9 R,2.771,2605,-36.0,0.1 R,531
Demo Athlete 10,DEMO010,CMJ,6/2/2026,9:43 AM,83.8,3,,0,50.1,894,66.37,184.7,7810,3.135,3910,298.8,2130,1.6 R,2.984,2456,-31.5,0.6 L,523
Demo Athlete 14,DEMO014,CMJ,6/2/2026,10:17 AM,94.1,3,,0,51.1,845,67.10,207.5,9788,3.166,5307,335.1,2550,3.7 R,3.000,2840,-29.0,0.3 R,491
Demo Athlete 16,DEMO016,CMJ,6/2/2026,7:26 AM,96.2,3,,0,49.7,733,65.83,212.0,10610,3.124,5492,354.4,2645,3.6 L,2.930,2925,-27.6,7.8 R,450
Demo Athlete 04,DEMO004,CMJ,6/3/2026,10:07 AM,87.0,3,,0,55.9,935,68.86,191.8,6942,3.310,3868,322.7,2207,5.5 L,3.138,2447,-35.2,10.4 L,610
Demo Athlete 12,DEMO012,CMJ,6/3/2026,7:45 AM,101.2,3,,0,36.0,756,55.11,223.2,5248,2.658,3033,307.1,1889,5.1 L,2.490,2095,-39.9,1.8 L,462
Demo Athlete 01,DEMO001,CMJ,6/8/2026,7:56 AM,92.4,3,,0,49.4,825,64.78,203.8,8380,3.114,4559,332.9,2341,3.0 L,2.907,2618,-31.2,17.6 L,473
Demo Athlete 02,DEMO002,CMJ,6/8/2026,9:51 AM,95.2,3,,0,47.8,954,63.94,209.9,9201,3.063,4149,341.2,2394,1.0 L,2.867,2816,-30.6,5.4 R,537
Demo Athlete 05,DEMO005,CMJ,6/8/2026,9:44 AM,83.1,3,,0,47.4,698,64.28,183.3,8901,3.050,5058,286.4,2180,2.0 L,2.849,2523,-28.3,1.4 L,397
Demo Athlete 06,DEMO006,CMJ,6/8/2026,8:54 AM,98.3,3,,0,44.2,785,61.31,216.8,8324,2.946,4402,335.4,2325,6.2 L,2.774,2613,-31.4,6.0 L,461
Demo Athlete 07,DEMO007,CMJ,6/8/2026,7:07 AM,90.4,3,,0,49.4,854,65.13,199.2,5686,3.113,3180,331.1,2010,2.0 R,2.942,2217,-39.0,6.2 L,475
Demo Athlete 08,DEMO008,CMJ,6/8/2026,7:35 AM,105.4,3,,0,45.6,871,62.95,232.3,8942,2.992,4416,355.8,2526,9.7 R,2.846,2825,-31.6,6.8 R,537
Demo Athlete 11,DEMO011,CMJ,6/8/2026,7:38 AM,96.7,3,,0,42.6,865,60.07,213.1,8859,2.892,4711,327.3,2287,5.9 L,2.740,2675,-30.2,6.0 L,528
Demo Athlete 12,DEMO012,CMJ,6/8/2026,10:31 AM,101.1,3,,0,38.5,766,58.04,222.9,6215,2.750,3886,311.5,2031,2.7 R,2.627,2286,-36.8,5.1 R,478
Demo Athlete 14,DEMO014,CMJ,6/8/2026,7:42 AM,93.8,3,,0,55.2,840,68.62,206.8,10704,3.291,6141,356.9,2681,1.8 L,3.140,3088,-28.8,2.7 R,496
Demo Athlete 20,DEMO020,CMJ,6/8/2026,8:20 AM,82.3,3,,0,42.5,871,61.14,181.5,6005,2.889,3276,278.1,1816,15.9 L,2.762,2047,-34.1,11.3 L,495
Demo Athlete 15,DEMO015,CMJ,6/9/2026,9:41 AM,98.5,3,,0,52.6,731,66.71,217.0,5808,3.213,4857,371.2,2171,3.4 L,3.023,2449,-42.2,3.2 R,423
Demo Athlete 19,DEMO019,CMJ,6/9/2026,7:50 AM,97.8,3,,0,40.6,971,59.82,215.6,6861,2.823,3153,316.7,2101,15.2 L,2.661,2342,-34.1,17.0 L,614
Demo Athlete 03,DEMO003,CMJ,6/10/2026,9:55 AM,95.5,3,,0,38.7,785,58.30,210.6,7960,2.757,4183,295.3,2130,2.7 R,2.575,2421,-30.4,3.1 R,495
Demo Athlete 04,DEMO004,CMJ,6/10/2026,7:48 AM,86.1,3,,0,52.2,816,67.47,189.9,7656,3.201,4996,325.2,2168,5.3 L,3.020,2554,-33.4,2.0 L,526
Demo Athlete 10,DEMO010,CMJ,6/10/2026,9:36 AM,83.5,3,,0,49.5,816,65.87,184.0,6505,3.118,4255,303.6,1965,2.4 R,2.990,2302,-35.4,7.8 L,469
Demo Athlete 13,DEMO013,CMJ,6/10/2026,9:24 AM,103.7,3,,0,42.4,677,60.35,228.7,6733,2.884,4700,343.5,2205,4.7 L,2.714,2446,-36.3,6.6 L,415
Demo Athlete 01,DEMO001,CMJ,6/15/2026,7:40 AM,91.6,3,,0,47.4,816,63.74,202.0,6837,3.049,3581,327.9,2136,9.0 L,2.884,2353,-34.4,13.8 L,459
Demo Athlete 03,DEMO003,CMJ,6/15/2026,10:15 AM,96.0,3,,0,38.7,835,57.46,211.6,7969,2.755,4436,307.5,2110,0.5 L,2.601,2484,-31.2,8.9 R,493
Demo Athlete 10,DEMO010,CMJ,6/15/2026,8:18 AM,83.8,3,,0,49.9,811,66.11,184.7,6799,3.127,4089,297.4,2037,1.1 R,2.960,2293,-33.7,9.0 R,517
Demo Athlete 11,DEMO011,CMJ,6/15/2026,9:28 AM,97.8,3,,0,42.4,1017,60.98,215.5,8115,2.884,3404,324.5,2248,9.7 L,2.705,2560,-31.5,7.3 L,576
Demo Athlete 12,DEMO012,CMJ,6/15/2026,8:23 AM,101.9,3,,0,36.5,745,55.99,224.6,5753,2.678,3856,315.7,1940,1.4 R,2.561,2234,-38.8,7.7 R,455
Demo Athlete 13,DEMO013,CMJ,6/15/2026,7:53 AM,104.4,3,,0,42.9,736,61.29,230.2,6157,2.900,3784,348.6,2161,4.2 L,2.724,2378,-38.6,3.0 L,417
Demo Athlete 14,DEMO014,CMJ,6/15/2026,8:38 AM,94.9,3,,0,51.9,945,66.50,209.3,9298,3.192,4710,351.8,2523,4.0 R,3.057,2824,-30.4,4.9 L,577
Demo Athlete 02,DEMO002,CMJ,6/16/2026,8:34 AM,94.5,3,,0,50.5,962,66.27,208.4,6737,3.148,3977,348.2,2166,0.6 R,3.003,2547,-37.8,0.4 R,531
Demo Athlete 04,DEMO004,CMJ,6/16/2026,9:16 AM,86.8,3,,0,51.4,888,66.57,191.3,5795,3.175,3069,320.2,2000,0.2 L,3.004,2207,-38.1,3.0 L,561
Demo Athlete 08,DEMO008,CMJ,6/16/2026,7:00 AM,105.7,3,,0,44.3,813,61.51,233.0,7316,2.947,4655,360.9,2295,5.3 L,2.760,2669,-36.5,5.5 L,497
Demo Athlete 16,DEMO016,CMJ,6/16/2026,10:59 AM,96.8,3,,0,51.6,736,67.31,213.4,11084,3.183,6527,356.7,2721,1.1 R,2.987,3068,-27.7,0.5 R,424
Demo Athlete 18,DEMO018,CMJ,6/16/2026,8:42 AM,81.2,3,,0,42.1,705,60.40,179.0,5716,2.873,3581,272.5,1766,7.5 L,2.689,1976,-34.6,18.8 L,459
Demo Athlete 07,DEMO007,CMJ,6/17/2026,9:47 AM,92.0,3,,0,48.1,920,64.35,202.9,6641,3.072,3569,325.3,2108,5.8 L,2.903,2394,-36.0,10.4 L,494
Demo Athlete 09,DEMO009,CMJ,6/17/2026,9:02 AM,105.0,3,,0,41.4,922,59.37,231.4,7024,2.850,3575,352.7,2202,2.3 R,2.719,2555,-36.4,3.1 L,538
Demo Athlete 15,DEMO015,CMJ,6/17/2026,7:14 AM,98.0,3,,0,51.4,718,65.96,216.1,6784,3.177,4783,366.5,2287,3.2 R,3.006,2534,-37.3,4.0 L,466
Demo Athlete 01,DEMO001,CMJ,6/22/2026,7:35 AM,92.1,3,,0,46.1,667,62.64,203.0,7424,3.009,4278,314.8,2182,10.3 L,2.869,2419,-32.6,18.2 L,372
Demo Athlete 02,DEMO002,CMJ,6/22/2026,10:42 AM,94.2,3,,0,48.3,797,63.79,207.7,6610,3.078,4488,330.1,2117,5.2 L,2.899,2473,-37.4,0.7 L,450
Demo Athlete 08,DEMO008,CMJ,6/22/2026,9:45 AM,105.7,3,,0,43.9,860,61.20,233.1,8789,2.936,4956,362.8,2449,4.5 R,2.808,2838,-32.3,3.8 R,577
Demo Athlete 15,DEMO015,CMJ,6/22/2026,8:03 AM,99.1,3,,0,49.5,720,64.86,218.4,7651,3.117,5613,348.1,2355,0.8 L,2.916,2663,-34.8,1.9 L,435
Demo Athlete 16,DEMO016,CMJ,6/22/2026,8:18 AM,97.0,3,,0,51.9,718,66.93,213.9,10561,3.190,6371,357.6,2680,2.7 R,3.047,3017,-28.6,3.4 R,429
Demo Athlete 19,DEMO019,CMJ,6/22/2026,8:53 AM,96.4,3,,0,39.9,1030,58.69,212.4,5643,2.796,2775,301.9,1898,7.9 L,2.651,2232,-39.6,18.2 L,647
Demo Athlete 20,DEMO020,CMJ,6/22/2026,8:17 AM,83.4,3,,0,43.5,847,61.73,183.9,7414,2.922,3890,283.4,1980,13.9 L,2.734,2272,-30.7,23.2 L,450
Demo Athlete 03,DEMO003,CMJ,6/23/2026,7:33 AM,95.5,3,,0,39.5,814,58.33,210.5,8297,2.785,4369,307.2,2161,4.1 R,2.592,2510,-30.2,1.0 R,475
Demo Athlete 04,DEMO004,CMJ,6/23/2026,9:03 AM,86.9,3,,0,53.5,904,67.96,191.6,6509,3.241,4166,331.6,2084,6.5 L,3.024,2411,-37.0,7.8 L,550
Demo Athlete 05,DEMO005,CMJ,6/23/2026,7:52 AM,82.5,3,,0,47.2,729,63.00,181.9,8446,3.043,5198,289.5,2108,1.1 R,2.841,2485,-29.4,1.8 R,427
Demo Athlete 06,DEMO006,CMJ,6/23/2026,8:33 AM,98.8,3,,0,42.1,813,59.90,217.8,8558,2.875,4658,323.8,2278,1.4 L,2.726,2670,-31.2,3.6 L,461
Demo Athlete 10,DEMO010,CMJ,6/23/2026,9:50 AM,82.8,3,,0,50.1,890,65.28,182.5,6695,3.137,3800,303.6,2022,1.5 R,2.970,2253,-33.6,4.9 L,551
Demo Athlete 11,DEMO011,CMJ,6/23/2026,8:26 AM,96.6,3,,0,42.4,936,60.50,213.0,7927,2.883,3632,322.0,2184,6.1 L,2.761,2576,-32.5,9.3 L,583
Demo Athlete 12,DEMO012,CMJ,6/23/2026,8:31 AM,101.8,3,,0,36.1,707,55.76,224.4,5983,2.661,3871,316.4,1946,0.4 R,2.520,2276,-38.0,0.9 L,413
Demo Athlete 13,DEMO013,CMJ,6/23/2026,9:01 AM,104.1,3,,0,41.5,777,60.12,229.6,7022,2.852,4317,339.5,2198,2.0 L,2.669,2527,-36.0,3.8 L,476
Demo Athlete 07,DEMO007,CMJ,6/24/2026,8:59 AM,91.0,3,,0,49.5,903,66.00,200.6,6557,3.116,4026,327.3,2107,1.4 L,2.934,2384,-36.4,1.2 R,484
Demo Athlete 09,DEMO009,CMJ,6/24/2026,8:50 AM,105.7,3,,0,45.0,938,61.76,233.0,7640,2.971,3744,368.2,2354,3.9 L,2.844,2706,-35.4,3.8 L,540
Demo Athlete 14,DEMO014,CMJ,6/24/2026,9:12 AM,94.7,3,,0,52.6,808,67.65,208.9,10226,3.213,6039,353.1,2593,0.3 L,3.055,3005,-29.4,1.5 L,490
Demo Athlete 01,DEMO001,CMJ,6/29/2026,8:03 AM,92.0,3,,0,44.9,798,61.51,202.9,6910,2.969,3794,307.2,2070,11.7 L,2.803,2401,-34.7,11.9 L,516
Demo Athlete 02,DEMO002,CMJ,6/29/2026,9:12 AM,94.9,3,,0,49.8,890,64.94,209.3,7297,3.125,4023,346.3,2277,1.0 L,2.934,2513,-34.4,0.7 R,493
Demo Athlete 03,DEMO003,CMJ,6/29/2026,8:37 AM,95.7,3,,0,40.8,964,59.79,211.0,8338,2.829,3792,308.9,2187,1.4 L,2.645,2557,-30.7,1.3 R,534
Demo Athlete 04,DEMO004,CMJ,6/29/2026,9:47 AM,86.8,3,,0,52.8,858,68.00,191.3,6584,3.217,4087,329.5,2114,1.6 L,3.061,2343,-35.6,4.2 L,517
Demo Athlete 05,DEMO005,CMJ,6/29/2026,8:58 AM,82.3,3,,0,46.3,686,62.71,181.5,7873,3.015,5192,288.9,2069,7.5 L,2.863,2336,-29.7,4.6 L,421
Demo Athlete 08,DEMO008,CMJ,6/29/2026,9:21 AM,105.6,3,,0,43.7,846,61.70,232.8,8476,2.929,4806,354.3,2413,0.6 L,2.727,2787,-32.9,1.0 R,553
Demo Athlete 09,DEMO009,CMJ,6/29/2026,8:46 AM,106.4,3,,0,43.0,732,60.74,234.5,7082,2.905,5096,357.8,2277,2.9 L,2.705,2577,-36.4,4.7 L,416
Demo Athlete 11,DEMO011,CMJ,6/29/2026,10:25 AM,97.6,3,,0,41.6,845,59.69,215.2,7483,2.857,3823,315.2,2167,7.2 L,2.670,2464,-32.9,1.8 L,516
Demo Athlete 12,DEMO012,CMJ,6/29/2026,8:05 AM,101.6,3,,0,37.8,820,57.20,224.0,7074,2.725,3526,319.0,2121,1.5 L,2.593,2373,-33.5,0.8 L,508
Demo Athlete 13,DEMO013,CMJ,6/29/2026,8:52 AM,104.4,3,,0,41.5,799,59.82,230.1,6552,2.853,4122,342.4,2180,4.2 L,2.729,2408,-36.8,2.5 L,467
Demo Athlete 14,DEMO014,CMJ,6/29/2026,7:00 AM,94.1,3,,0,51.4,748,66.11,207.5,13293,3.175,7294,342.2,2828,1.0 L,3.010,3310,-24.9,6.7 R,428
Demo Athlete 16,DEMO016,CMJ,6/29/2026,8:23 AM,97.1,3,,0,51.1,690,66.85,214.1,8827,3.167,6142,351.7,2495,3.1 R,3.032,2787,-31.6,2.5 R,424
Demo Athlete 07,DEMO007,CMJ,6/30/2026,10:24 AM,91.0,3,,0,49.2,918,65.01,200.7,6748,3.106,3453,327.5,2121,2.8 L,2.960,2414,-35.8,7.2 L,522
Demo Athlete 10,DEMO010,CMJ,6/30/2026,8:43 AM,83.5,3,,0,50.9,891,65.49,184.1,7195,3.159,4139,306.8,2059,4.6 R,2.996,2418,-33.6,1.0 R,569
Demo Athlete 06,DEMO006,CMJ,7/1/2026,7:41 AM,98.5,3,,0,40.7,723,59.93,217.1,7920,2.827,5132,319.1,2219,5.3 L,2.698,2489,-31.4,3.4 L,425
Demo Athlete 15,DEMO015,CMJ,7/1/2026,8:10 AM,98.7,3,,0,50.7,717,66.12,217.5,6865,3.155,5254,354.7,2262,3.9 R,2.989,2605,-37.9,0.3 R,452
Demo Athlete 01,DEMO001,CMJ,7/6/2026,7:14 AM,91.9,3,,0,45.5,807,63.22,202.5,7653,2.987,3536,321.0,2176,13.1 L,2.779,2460,-32.2,14.4 L,460
Demo Athlete 03,DEMO003,CMJ,7/6/2026,8:05 AM,95.1,3,,0,39.3,739,57.57,209.6,7004,2.778,4555,299.7,2043,2.8 R,2.646,2315,-33.1,4.6 R,425
Demo Athlete 05,DEMO005,CMJ,7/6/2026,8:13 AM,82.2,3,,0,46.4,657,63.92,181.1,8963,3.018,5298,280.6,2157,3.4 L,2.843,2482,-27.7,3.3 L,369
Demo Athlete 06,DEMO006,CMJ,7/6/2026,8:15 AM,98.6,3,,0,43.7,809,61.59,217.4,9096,2.930,4539,334.8,2371,2.2 L,2.772,2741,-30.1,2.5 L,500
Demo Athlete 07,DEMO007,CMJ,7/6/2026,7:20 AM,92.0,3,,0,50.3,933,66.33,202.8,6915,3.142,3452,338.1,2168,0.4 L,2.944,2481,-35.9,1.0 L,539
Demo Athlete 12,DEMO012,CMJ,7/6/2026,8:34 AM,101.5,3,,0,36.4,680,56.56,223.7,5955,2.671,4184,312.8,1957,0.2 R,2.540,2241,-37.6,4.6 L,374
Demo Athlete 13,DEMO013,CMJ,7/6/2026,8:30 AM,103.9,3,,0,40.7,695,58.74,229.1,7431,2.826,5232,331.7,2247,7.8 L,2.705,2511,-33.8,10.0 L,403
Demo Athlete 16,DEMO016,CMJ,7/6/2026,9:32 AM,97.2,3,,0,53.3,680,67.11,214.2,10397,3.235,6682,358.0,2648,1.2 R,3.030,3120,-30.0,1.2 R,411
Demo Athlete 19,DEMO019,CMJ,7/6/2026,8:24 AM,96.7,3,,0,42.2,857,60.42,213.2,6219,2.878,3191,325.3,2035,12.1 L,2.702,2294,-36.9,11.8 L,571
Demo Athlete 04,DEMO004,CMJ,7/7/2026,10:03 AM,86.1,3,,0,54.0,771,67.83,189.9,7124,3.256,4168,319.3,2182,7.5 L,3.119,2433,-34.2,6.1 L,459
Demo Athlete 09,DEMO009,CMJ,7/7/2026,8:14 AM,104.6,3,,0,44.4,901,62.45,230.6,8015,2.951,4383,363.7,2347,2.6 L,2.788,2764,-34.5,3.3 L,532
Demo Athlete 11,DEMO011,CMJ,7/7/2026,9:55 AM,97.5,3,,0,42.0,826,60.18,214.8,8568,2.871,4029,321.5,2277,6.5 L,2.708,2606,-30.4,7.1 L,498
Demo Athlete 15,DEMO015,CMJ,7/7/2026,7:54 AM,98.8,3,,0,48.3,707,64.49,217.7,6891,3.079,4654,351.8,2242,0.1 R,2.876,2534,-36.8,2.2 R,418
Demo Athlete 08,DEMO008,CMJ,7/8/2026,9:42 AM,106.0,3,,0,44.3,962,62.45,233.7,9955,2.950,4625,361.5,2613,0.2 L,2.777,2919,-29.3,6.9 R,590
Demo Athlete 10,DEMO010,CMJ,7/8/2026,8:41 AM,83.6,3,,0,50.3,755,66.43,184.3,7165,3.140,4361,306.8,2082,0.6 L,2.941,2340,-32.7,2.9 R,452
Demo Athlete 20,DEMO020,CMJ,7/8/2026,7:21 AM,83.4,3,,0,45.8,836,63.38,183.9,6870,2.999,3995,292.1,1983,8.0 L,2.873,2213,-32.2,16.0 L,471
Demo Athlete 01,DEMO001,CMJ,7/13/2026,7:20 AM,91.8,3,,0,45.9,738,63.57,202.3,8760,3.001,4922,315.5,2281,9.9 L,2.839,2622,-29.9,10.6 L,406
Demo Athlete 03,DEMO003,CMJ,7/13/2026,9:40 AM,96.2,3,,0,40.6,773,59.81,212.0,7564,2.824,4455,304.7,2114,0.1 R,2.709,2477,-32.8,4.1 L,425
Demo Athlete 06,DEMO006,CMJ,7/13/2026,9:00 AM,98.8,3,,0,42.1,770,60.63,217.8,7643,2.875,4352,329.6,2211,6.4 L,2.718,2512,-32.9,1.9 L,454
Demo Athlete 09,DEMO009,CMJ,7/13/2026,9:26 AM,105.1,3,,0,44.7,729,62.55,231.7,7112,2.961,5185,355.1,2281,4.6 L,2.777,2620,-36.8,7.3 L,417
Demo Athlete 10,DEMO010,CMJ,7/13/2026,8:53 AM,84.0,3,,0,49.4,832,65.69,185.2,7174,3.112,3957,296.9,2039,0.5 L,2.907,2402,-33.5,1.7 R,492
Demo Athlete 16,DEMO016,CMJ,7/13/2026,8:09 AM,97.0,3,,0,49.2,790,65.48,213.8,9918,3.108,5352,347.7,2573,2.6 R,2.955,2863,-28.9,4.5 R,478
Demo Athlete 07,DEMO007,CMJ,7/14/2026,10:47 AM,90.6,3,,0,49.5,933,65.68,199.8,6248,3.116,3143,324.8,2060,1.3 L,2.923,2349,-37.6,4.2 L,515
Demo Athlete 12,DEMO012,CMJ,7/14/2026,9:52 AM,101.6,3,,0,36.0,789,55.12,224.1,6333,2.659,3918,303.0,2001,4.1 R,2.548,2267,-35.8,2.9 R,470
Demo Athlete 13,DEMO013,CMJ,7/14/2026,9:28 AM,104.2,3,,0,41.6,735,59.63,229.7,7134,2.857,4160,338.5,2247,6.7 L,2.684,2476,-34.7,3.7 L,440
Demo Athlete 02,DEMO002,CMJ,7/15/2026,7:32 AM,94.7,3,,0,48.2,729,63.69,208.7,7129,3.074,4983,338.6,2180,1.7 R,2.888,2550,-35.8,2.2 R,420
Demo Athlete 04,DEMO004,CMJ,7/15/2026,8:13 AM,86.8,3,,0,52.0,790,66.79,191.3,7322,3.193,4734,323.6,2177,4.4 L,2.996,2444,-33.4,9.3 L,497
Demo Athlete 05,DEMO005,CMJ,7/15/2026,7:03 AM,82.0,3,,0,46.2,759,62.82,180.7,8315,3.011,4484,281.2,2108,0.1 L,2.806,2369,-28.5,7.8 L,424
Demo Athlete 08,DEMO008,CMJ,7/15/2026,10:53 AM,105.1,3,,0,43.6,905,61.59,231.7,7361,2.924,3674,346.7,2300,6.1 L,2.764,2608,-35.4,5.0 R,534
Demo Athlete 11,DEMO011,CMJ,7/15/2026,8:10 AM,97.8,3,,0,42.9,903,61.46,215.7,8400,2.902,4014,325.5,2291,4.9 L,2.755,2599,-30.9,9.1 L,532
Demo Athlete 14,DEMO014,CMJ,7/15/2026,8:24 AM,93.9,3,,0,52.7,913,67.77,206.9,8446,3.217,4164,350.5,2446,1.6 L,3.085,2690,-31.9,5.7 R,510
Demo Athlete 15,DEMO015,CMJ,7/15/2026,8:12 AM,98.6,3,,0,50.9,664,66.28,217.5,6395,3.161,5604,352.7,2224,0.6 R,3.019,2507,-39.2,4.8 R,346
Demo Athlete 17,DEMO017,CMJ,7/15/2026,9:46 AM,103.7,3,,0,37.7,742,56.36,228.7,7473,2.719,4144,317.7,2150,1.1 R,2.580,2529,-33.8,1.7 L,484
Demo Athlete 18,DEMO018,CMJ,7/15/2026,9:11 AM,81.5,3,,0,45.4,696,62.90,179.6,6108,2.985,4450,277.9,1845,4.5 L,2.858,2119,-34.7,10.8 L,404
Demo Athlete 01,DEMO001,CMJ,7/20/2026,8:12 AM,90.9,3,,0,46.9,694,63.67,200.4,8697,3.033,4977,313.5,2306,6.0 L,2.903,2570,-29.5,8.6 L,375
Demo Athlete 02,DEMO002,CMJ,7/20/2026,8:39 AM,94.3,3,,0,48.2,923,64.17,208.0,7413,3.076,3716,326.9,2222,1.8 R,2.870,2551,-34.4,0.4 R,537
Demo Athlete 05,DEMO005,CMJ,7/20/2026,8:14 AM,81.4,3,,0,47.8,580,63.49,179.4,9097,3.062,7145,290.5,2176,0.3 L,2.907,2519,-27.7,3.2 R,344
Demo Athlete 07,DEMO007,CMJ,7/20/2026,7:28 AM,90.6,3,,0,50.7,892,65.85,199.7,6384,3.155,3801,322.7,2080,0.3 L,2.964,2415,-37.8,4.1 L,485
Demo Athlete 09,DEMO009,CMJ,7/20/2026,8:04 AM,105.5,3,,0,45.3,763,61.95,232.6,8031,2.980,5359,357.0,2400,2.6 L,2.791,2757,-34.3,5.2 R,436
Demo Athlete 11,DEMO011,CMJ,7/20/2026,8:22 AM,98.1,3,,0,42.1,851,59.77,216.3,7326,2.874,3731,330.4,2169,7.0 L,2.701,2460,-33.6,7.4 L,529
Demo Athlete 13,DEMO013,CMJ,7/20/2026,9:17 AM,103.9,3,,0,41.8,726,59.87,229.1,7263,2.865,4492,337.5,2261,2.0 L,2.702,2496,-34.4,2.0 L,432
Demo Athlete 16,DEMO016,CMJ,7/20/2026,8:40 AM,96.0,3,,0,51.5,649,65.87,211.6,10237,3.179,6496,354.3,2639,2.4 R,3.049,2925,-28.6,4.3 R,388
Demo Athlete 04,DEMO004,CMJ,7/21/2026,8:16 AM,86.8,3,,0,53.4,889,67.58,191.3,6942,3.236,3613,331.2,2149,4.5 L,3.075,2431,-35.0,2.6 L,531
Demo Athlete 06,DEMO006,CMJ,7/21/2026,8:06 AM,99.0,3,,0,43.0,808,61.43,218.2,7246,2.904,4352,322.6,2176,5.5 L,2.737,2507,-34.6,7.3 L,507
Demo Athlete 10,DEMO010,CMJ,7/21/2026,8:58 AM,82.6,3,,0,48.8,940,64.24,182.1,6944,3.093,3282,294.3,2018,0.1 L,2.916,2271,-32.7,1.9 L,560
Demo Athlete 12,DEMO012,CMJ,7/21/2026,10:20 AM,101.5,3,,0,38.3,691,57.86,223.7,6256,2.741,4376,316.9,2036,2.3 L,2.603,2292,-36.6,10.6 R,434
Demo Athlete 14,DEMO014,CMJ,7/21/2026,9:36 AM,94.7,3,,0,54.6,890,67.97,208.9,8677,3.274,4277,357.5,2501,1.9 R,3.052,2804,-32.3,2.9 R,470
Demo Athlete 15,DEMO015,CMJ,7/21/2026,9:27 AM,98.7,3,,0,52.8,662,66.92,217.7,7662,3.220,5451,360.4,2409,0.7 R,3.056,2723,-35.5,6.7 L,379
Demo Athlete 19,DEMO019,CMJ,7/21/2026,8:04 AM,97.6,3,,0,42.2,986,60.97,215.2,6155,2.877,3172,318.4,2045,12.2 L,2.738,2286,-37.1,11.3 L,616
Demo Athlete 08,DEMO008,CMJ,7/22/2026,8:39 AM,105.3,3,,0,45.0,769,62.88,232.2,8474,2.971,5155,355.1,2476,1.9 R,2.789,2730,-32.2,5.1 R,533
Demo Athlete 20,DEMO020,CMJ,7/22/2026,8:50 AM,84.0,3,,0,46.3,686,62.48,185.3,8581,3.015,5271,295.5,2138,11.6 L,2.804,2495,-29.1,10.6 L,436
Demo Athlete 01,DEMO001,CMJ,7/27/2026,7:17 AM,91.4,3,,0,47.2,832,64.12,201.6,7035,3.044,3917,327.5,2146,8.7 L,2.851,2386,-33.9,7.2 L,453
Demo Athlete 02,DEMO002,CMJ,7/27/2026,9:49 AM,93.6,3,,0,50.8,901,66.27,206.4,6834,3.157,4139,339.0,2175,1.5 R,2.944,2537,-37.1,0.1 R,519
Demo Athlete 04,DEMO004,CMJ,7/27/2026,10:30 AM,86.6,3,,0,52.8,972,66.95,191.0,6688,3.219,3871,315.2,2087,2.8 L,3.018,2427,-36.3,3.2 L,625
Demo Athlete 09,DEMO009,CMJ,7/27/2026,9:03 AM,104.8,3,,0,44.8,806,62.04,231.1,6987,2.965,3931,362.9,2288,3.8 L,2.825,2555,-36.6,3.7 L,467
Demo Athlete 11,DEMO011,CMJ,7/27/2026,10:22 AM,96.3,3,,0,41.5,853,59.28,212.3,7495,2.854,3619,323.3,2139,5.9 L,2.736,2461,-32.8,7.3 L,492
Demo Athlete 14,DEMO014,CMJ,7/27/2026,9:27 AM,94.3,3,,0,51.3,832,66.69,207.9,8783,3.173,4802,337.1,2456,1.7 L,3.026,2723,-31.0,1.2 R,486
Demo Athlete 15,DEMO015,CMJ,7/27/2026,8:51 AM,98.6,3,,0,52.0,732,66.60,217.3,6678,3.195,4713,361.8,2277,4.1 R,3.051,2566,-38.4,0.3 R,433
Demo Athlete 17,DEMO017,CMJ,7/27/2026,9:37 AM,104.0,3,,0,37.4,690,56.48,229.3,7935,2.708,4358,324.7,2236,4.1 R,2.544,2489,-31.4,1.2 R,421
Demo Athlete 05,DEMO005,CMJ,7/28/2026,7:12 AM,82.7,3,,0,47.3,787,64.26,182.4,9470,3.047,4836,290.7,2234,2.4 L,2.864,2557,-27.0,0.1 L,436
Demo Athlete 10,DEMO010,CMJ,7/28/2026,7:54 AM,83.6,3,,0,51.7,793,66.24,184.3,8292,3.186,4595,302.3,2198,4.1 R,3.003,2554,-30.8,6.7 L,471
Demo Athlete 18,DEMO018,CMJ,7/28/2026,7:35 AM,81.3,3,,0,45.9,718,62.64,179.2,5737,3.001,3756,286.0,1809,2.9 L,2.850,2076,-36.2,14.0 L,466
Demo Athlete 07,DEMO007,CMJ,7/29/2026,9:42 AM,91.4,3,,0,51.0,910,66.10,201.5,5302,3.164,3317,327.0,1992,4.3 L,2.960,2214,-41.8,4.9 L,502
Demo Athlete 08,DEMO008,CMJ,7/29/2026,9:17 AM,105.7,3,,0,44.1,862,61.05,233.0,8821,2.940,4404,348.4,2463,0.1 L,2.799,2826,-32.0,2.4 R,494
Demo Athlete 12,DEMO012,CMJ,7/29/2026,8:20 AM,101.3,3,,0,35.2,655,55.33,223.4,5930,2.628,4098,311.0,1941,4.2 R,2.469,2190,-36.9,5.2 R,427
Demo Athlete 16,DEMO016,CMJ,7/29/2026,10:56 AM,97.1,3,,0,49.7,801,65.54,214.2,9559,3.122,5824,345.8,2522,0.5 L,2.982,2884,-30.2,9.1 R,440
Demo Athlete 01,DEMO001,CMJ,8/3/2026,7:20 AM,91.9,3,,0,48.5,770,65.19,202.7,8205,3.086,4519,331.3,2310,6.2 L,2.914,2552,-31.1,2.2 L,438
Demo Athlete 02,DEMO002,CMJ,8/3/2026,8:48 AM,94.5,3,,0,49.8,822,65.20,208.3,8052,3.126,4945,339.6,2304,3.6 L,2.926,2700,-33.5,3.2 R,476
Demo Athlete 04,DEMO004,CMJ,8/3/2026,8:46 AM,86.6,3,,0,50.2,909,66.51,191.0,8153,3.139,4247,309.2,2217,1.9 L,2.969,2544,-31.2,5.2 L,577
Demo Athlete 10,DEMO010,CMJ,8/3/2026,7:53 AM,83.3,3,,0,49.3,739,65.13,183.6,6794,3.110,4817,295.2,2012,0.2 R,2.927,2291,-33.7,1.1 L,476
Demo Athlete 11,DEMO011,CMJ,8/3/2026,8:52 AM,97.7,3,,0,41.6,856,59.33,215.3,6782,2.856,3371,328.6,2102,5.9 L,2.690,2362,-34.8,2.0 L,532
Demo Athlete 13,DEMO013,CMJ,8/3/2026,10:33 AM,104.1,3,,0,42.1,647,60.89,229.6,6341,2.873,4508,350.5,2138,8.9 L,2.746,2441,-38.5,11.0 L,380
Demo Athlete 16,DEMO016,CMJ,8/3/2026,10:37 AM,96.9,3,,0,50.9,742,65.84,213.6,10287,3.159,5812,355.4,2635,2.1 R,3.002,2954,-28.7,2.4 R,453
Demo Athlete 20,DEMO020,CMJ,8/3/2026,7:16 AM,84.0,3,,0,46.7,865,63.00,185.2,7900,3.026,4076,286.5,2106,6.6 L,2.888,2371,-30.0,9.1 L,507
Demo Athlete 06,DEMO006,CMJ,8/4/2026,10:17 AM,99.3,3,,0,42.0,759,59.99,218.8,7665,2.871,4350,332.3,2241,2.5 L,2.716,2476,-32.3,5.5 L,483
Demo Athlete 12,DEMO012,CMJ,8/4/2026,9:07 AM,102.0,3,,0,38.0,668,57.49,224.9,6375,2.732,4025,313.1,2048,5.5 R,2.548,2317,-36.3,2.0 R,421
Demo Athlete 15,DEMO015,CMJ,8/4/2026,8:17 AM,98.6,3,,0,50.5,743,66.10,217.5,7163,3.148,4569,350.1,2286,0.3 L,2.933,2655,-37.1,1.3 R,433
Demo Athlete 07,DEMO007,CMJ,8/5/2026,7:39 AM,90.9,3,,0,49.8,939,65.62,200.4,7399,3.127,3565,323.0,2187,5.0 L,2.917,2539,-34.3,3.7 L,499
Demo Athlete 09,DEMO009,CMJ,8/5/2026,9:05 AM,104.3,3,,0,44.6,813,61.52,229.9,7048,2.959,4135,348.7,2272,2.1 L,2.766,2576,-36.6,6.6 L,470
Demo Athlete 01,DEMO001,CMJ,8/10/2026,8:12 AM,92.1,3,,0,48.1,778,64.23,203.1,7917,3.072,4822,322.0,2240,8.6 L,2.940,2577,-32.6,3.4 L,447
Demo Athlete 04,DEMO004,CMJ,8/10/2026,8:18 AM,86.8,3,,0,53.1,925,66.99,191.3,8521,3.227,4596,317.1,2284,3.8 L,3.094,2686,-31.5,6.2 L,544
Demo Athlete 07,DEMO007,CMJ,8/10/2026,7:02 AM,91.5,3,,0,47.5,887,64.54,201.7,7666,3.053,4122,323.0,2177,5.2 L,2.851,2554,-33.3,0.4 R,505
Demo Athlete 08,DEMO008,CMJ,8/10/2026,10:47 AM,105.7,3,,0,45.0,777,62.48,233.0,8223,2.972,4467,368.4,2450,0.5 L,2.811,2715,-33.0,8.5 R,506
Demo Athlete 11,DEMO011,CMJ,8/10/2026,9:43 AM,97.9,3,,0,42.7,945,60.30,215.9,9249,2.894,3667,321.3,2380,4.0 L,2.694,2670,-28.9,5.4 L,581
Demo Athlete 13,DEMO013,CMJ,8/10/2026,9:14 AM,104.5,3,,0,42.1,721,59.89,230.4,7371,2.875,4894,337.0,2238,2.9 L,2.734,2625,-35.6,2.5 L,423
Demo Athlete 14,DEMO014,CMJ,8/10/2026,7:47 AM,94.6,3,,0,52.3,834,66.35,208.6,8665,3.204,4887,351.9,2442,3.3 R,3.030,2779,-32.1,7.2 R,536
Demo Athlete 15,DEMO015,CMJ,8/10/2026,10:39 AM,98.8,3,,0,52.0,587,66.24,217.8,6473,3.195,5982,356.7,2232,1.8 L,2.999,2585,-39.9,3.2 L,359
Demo Athlete 17,DEMO017,CMJ,8/10/2026,8:14 AM,103.5,3,,0,37.0,737,56.49,228.2,7723,2.694,4552,320.8,2184,0.9 R,2.513,2481,-32.1,2.5 L,452
Demo Athlete 12,DEMO012,CMJ,8/11/2026,10:45 AM,102.2,3,,0,36.4,692,56.60,225.3,6622,2.671,4169,313.7,2024,3.6 R,2.553,2364,-35.7,2.0 R,418
Demo Athlete 02,DEMO002,CMJ,8/12/2026,8:09 AM,94.6,3,,0,47.4,915,63.61,208.5,6899,3.049,3919,330.4,2156,0.8 R,2.846,2469,-35.8,8.5 R,546
Demo Athlete 06,DEMO006,CMJ,8/12/2026,7:51 AM,98.4,3,,0,43.3,897,61.10,216.9,7383,2.913,3685,335.4,2173,0.9 R,2.721,2553,-34.6,5.2 L,560
Demo Athlete 09,DEMO009,CMJ,8/12/2026,9:01 AM,105.3,3,,0,45.6,700,62.41,232.1,7238,2.992,5708,368.1,2296,1.6 L,2.828,2701,-37.3,2.6 L,438
Demo Athlete 10,DEMO010,CMJ,8/12/2026,7:42 AM,82.7,3,,0,49.7,783,66.17,182.3,6243,3.124,4242,296.6,1937,1.5 R,2.979,2238,-35.8,0.8 R,467
Demo Athlete 01,DEMO001,CMJ,8/17/2026,7:29 AM,92.5,3,,0,48.8,792,64.25,203.9,10652,3.094,5904,335.3,2563,8.2 L,2.885,2849,-26.7,1.1 L,442
Demo Athlete 04,DEMO004,CMJ,8/17/2026,8:31 AM,86.9,3,,0,53.1,940,68.37,191.6,8235,3.226,4543,314.2,2274,5.7 L,3.020,2621,-31.8,7.2 L,593
Demo Athlete 07,DEMO007,CMJ,8/17/2026,7:19 AM,91.7,3,,0,49.9,778,65.44,202.1,7330,3.130,4633,330.9,2205,4.3 L,3.003,2522,-34.4,0.8 L,437
Demo Athlete 08,DEMO008,CMJ,8/17/2026,9:08 AM,105.6,3,,0,45.4,982,62.51,232.8,8129,2.984,4094,365.5,2433,1.7 R,2.862,2733,-33.6,2.5 L,636
Demo Athlete 09,DEMO009,CMJ,8/17/2026,10:16 AM,105.0,3,,0,42.6,727,61.09,231.4,7426,2.890,5091,344.7,2299,0.4 R,2.716,2565,-34.5,1.7 L,416
Demo Athlete 12,DEMO012,CMJ,8/17/2026,8:54 AM,101.6,3,,0,36.4,743,55.39,224.0,6472,2.672,3743,313.1,2023,1.1 R,2.508,2288,-35.4,2.7 R,442
Demo Athlete 14,DEMO014,CMJ,8/17/2026,8:46 AM,94.3,3,,0,50.0,953,64.94,207.9,8781,3.132,4276,345.0,2428,1.3 R,2.966,2702,-30.8,0.0 L,554
Demo Athlete 15,DEMO015,CMJ,8/17/2026,8:55 AM,98.7,3,,0,50.9,778,66.73,217.6,6830,3.161,4403,361.1,2296,1.0 L,3.000,2536,-37.1,0.7 R,486
Demo Athlete 16,DEMO016,CMJ,8/17/2026,8:18 AM,96.9,3,,0,50.2,728,65.38,213.6,10409,3.139,6452,355.1,2592,1.9 R,2.927,3028,-29.1,0.3 R,453
Demo Athlete 20,DEMO020,CMJ,8/17/2026,9:32 AM,83.9,3,,0,47.1,738,63.79,185.0,7250,3.039,4283,298.0,2033,13.5 L,2.876,2324,-32.1,16.5 L,427
Demo Athlete 02,DEMO002,CMJ,8/18/2026,10:49 AM,94.4,3,,0,52.1,831,66.24,208.1,7657,3.198,4499,345.3,2335,0.2 R,3.043,2623,-34.3,1.3 L,483
Demo Athlete 05,DEMO005,CMJ,8/18/2026,9:13 AM,82.6,3,,0,47.1,726,64.30,182.0,8831,3.041,4852,285.3,2144,2.9 L,2.883,2526,-28.6,1.8 L,407
Demo Athlete 06,DEMO006,CMJ,8/18/2026,9:49 AM,98.9,3,,0,42.0,701,60.12,218.1,9221,2.869,5843,324.3,2361,6.8 L,2.712,2699,-29.3,6.5 L,424
Demo Athlete 10,DEMO010,CMJ,8/18/2026,9:29 AM,83.5,3,,0,48.9,730,65.48,184.1,5729,3.097,3808,295.1,1885,3.3 R,2.885,2152,-37.6,1.1 R,437
Demo Athlete 11,DEMO011,CMJ,8/18/2026,7:50 AM,96.9,3,,0,41.5,853,59.78,213.7,8510,2.854,3939,315.3,2243,5.7 L,2.687,2600,-30.5,1.8 L,540
Demo Athlete 19,DEMO019,CMJ,8/18/2026,10:36 AM,97.5,3,,0,43.9,879,60.76,214.9,7676,2.933,4031,326.7,2199,4.7 L,2.739,2589,-33.7,0.8 L,555
Demo Athlete 03,DEMO003,CMJ,8/19/2026,9:40 AM,96.2,3,,0,39.2,811,58.66,212.0,7562,2.772,3940,299.3,2134,0.8 R,2.584,2348,-31.0,2.0 L,509
Demo Athlete 13,DEMO013,CMJ,8/19/2026,7:08 AM,104.9,3,,0,40.9,750,58.92,231.4,7525,2.833,4995,345.4,2249,4.1 L,2.711,2598,-34.5,11.0 L,442
Demo Athlete 01,DEMO001,CMJ,8/24/2026,7:23 AM,92.2,3,,0,48.4,786,64.68,203.2,7453,3.083,4407,334.8,2191,7.6 L,2.953,2537,-34.0,3.2 L,447
Demo Athlete 03,DEMO003,CMJ,8/24/2026,8:10 AM,95.8,3,,0,39.1,924,57.87,211.2,7986,2.770,3416,297.4,2144,1.1 R,2.583,2438,-30.5,0.2 R,585
Demo Athlete 05,DEMO005,CMJ,8/24/2026,8:13 AM,82.5,3,,0,46.7,797,63.87,181.9,8441,3.027,4174,283.1,2113,1.8 L,2.882,2448,-29.0,4.6 L,441
Demo Athlete 08,DEMO008,CMJ,8/24/2026,9:03 AM,105.2,3,,0,45.2,791,62.16,231.9,7267,2.978,4377,357.2,2321,1.7 R,2.783,2629,-36.2,3.9 R,475
Demo Athlete 10,DEMO010,CMJ,8/24/2026,9:49 AM,83.1,3,,0,50.9,810,65.85,183.3,6797,3.161,3979,305.8,2061,2.8 R,2.960,2268,-33.4,2.5 R,510
Demo Athlete 11,DEMO011,CMJ,8/24/2026,8:08 AM,97.9,3,,0,43.3,943,61.16,215.8,7112,2.916,3363,323.7,2175,2.8 L,2.755,2438,-34.3,8.2 L,579
Demo Athlete 12,DEMO012,CMJ,8/24/2026,9:48 AM,101.4,3,,0,36.4,709,56.44,223.5,6323,2.672,3895,316.5,1988,0.2 R,2.502,2302,-36.4,5.6 R,446
Demo Athlete 14,DEMO014,CMJ,8/24/2026,8:33 AM,94.7,3,,0,52.5,874,67.70,208.7,10272,3.210,4930,342.1,2637,4.0 R,3.072,2933,-28.6,7.0 R,538
Demo Athlete 18,DEMO018,CMJ,8/24/2026,9:02 AM,81.3,3,,0,45.7,719,62.49,179.2,6339,2.993,4272,284.7,1895,3.0 L,2.855,2103,-33.2,7.4 L,430
Demo Athlete 09,DEMO009,CMJ,8/25/2026,8:17 AM,105.0,3,,0,46.5,849,62.73,231.6,7950,3.020,4476,373.6,2384,0.9 L,2.833,2812,-35.4,0.5 L,469
Demo Athlete 15,DEMO015,CMJ,8/25/2026,9:02 AM,99.0,3,,0,51.3,707,66.66,218.2,6662,3.172,5128,365.0,2262,2.6 R,3.016,2568,-38.5,0.7 R,406
Demo Athlete 06,DEMO006,CMJ,8/26/2026,10:56 AM,98.0,3,,0,42.1,729,60.00,216.0,7619,2.872,4605,315.4,2193,4.6 L,2.755,2499,-32.8,0.4 L,471
Demo Athlete 07,DEMO007,CMJ,8/26/2026,8:22 AM,92.1,3,,0,50.3,1034,65.75,203.0,7084,3.140,3118,331.1,2199,5.5 L,3.009,2481,-35.0,4.3 L,595
Demo Athlete 13,DEMO013,CMJ,8/26/2026,7:55 AM,104.0,3,,0,42.2,685,60.46,229.3,7952,2.878,5247,343.2,2315,7.7 L,2.679,2644,-33.2,4.2 L,429
Demo Athlete 16,DEMO016,CMJ,8/26/2026,10:00 AM,97.1,3,,0,49.5,762,64.70,214.0,9877,3.115,5639,340.8,2565,2.9 R,2.917,2886,-29.2,1.7 R,453
Demo Athlete 17,DEMO017,CMJ,8/26/2026,9:05 AM,103.5,3,,0,37.4,763,56.51,228.1,8276,2.709,4727,321.0,2238,0.4 L,2.590,2570,-31.1,2.4 L,446
Demo Athlete 01,DEMO001,CMJ,8/31/2026,10:47 AM,91.1,3,,0,48.1,822,63.60,200.8,6659,3.073,4061,320.1,2117,4.9 L,2.878,2340,-35.1,3.8 L,454
Demo Athlete 07,DEMO007,CMJ,8/31/2026,9:44 AM,91.0,3,,0,50.9,795,65.93,200.7,6424,3.159,3847,326.1,2112,2.6 L,2.962,2393,-37.3,8.7 L,460
Demo Athlete 11,DEMO011,CMJ,8/31/2026,8:29 AM,97.9,3,,0,41.3,860,59.51,215.7,8301,2.847,4035,314.6,2268,6.1 L,2.651,2518,-30.3,4.2 L,534
Demo Athlete 14,DEMO014,CMJ,8/31/2026,9:57 AM,94.4,3,,0,52.2,713,66.54,208.1,8172,3.200,5195,341.7,2409,2.2 L,3.070,2662,-32.6,2.6 R,420
Demo Athlete 15,DEMO015,CMJ,8/31/2026,10:44 AM,99.0,3,,0,50.7,687,65.75,218.3,7201,3.153,4800,356.6,2344,0.7 R,2.961,2584,-35.9,1.5 R,374
Demo Athlete 16,DEMO016,CMJ,8/31/2026,7:19 AM,96.6,3,,0,53.4,696,68.62,213.1,10561,3.237,6736,359.7,2716,0.6 L,3.050,3026,-28.6,4.5 R,399
Demo Athlete 20,DEMO020,CMJ,8/31/2026,7:47 AM,84.0,3,,0,48.7,774,65.29,185.1,7532,3.091,4426,297.5,2112,8.7 L,2.884,2346,-31.2,15.3 L,446
Demo Athlete 03,DEMO003,CMJ,9/1/2026,9:55 AM,94.8,3,,0,40.8,792,59.96,209.0,7756,2.830,3732,312.6,2165,0.1 L,2.680,2384,-30.7,1.9 R,482
Demo Athlete 04,DEMO004,CMJ,9/1/2026,8:34 AM,85.9,3,,0,53.3,919,68.04,189.3,5664,3.233,3414,322.4,1969,7.1 L,3.013,2256,-39.8,10.8 L,592
Demo Athlete 10,DEMO010,CMJ,9/1/2026,8:03 AM,83.3,3,,0,49.9,789,66.32,183.7,6361,3.129,3836,301.5,1954,2.3 L,2.923,2283,-35.9,3.4 L,513
Demo Athlete 12,DEMO012,CMJ,9/1/2026,10:39 AM,101.7,3,,0,36.7,664,56.37,224.3,6075,2.683,3889,319.6,2001,3.6 R,2.574,2218,-36.5,0.8 R,389
Demo Athlete 13,DEMO013,CMJ,9/1/2026,8:17 AM,103.9,3,,0,42.8,745,60.62,229.2,7505,2.897,4197,342.4,2302,1.6 L,2.725,2553,-34.0,5.4 L,456
Demo Athlete 19,DEMO019,CMJ,9/1/2026,8:55 AM,96.4,3,,0,46.7,780,63.88,212.4,6283,3.025,4186,333.3,2116,7.5 L,2.897,2366,-37.7,1.3 L,501
Demo Athlete 05,DEMO005,CMJ,9/2/2026,10:20 AM,82.6,3,,0,49.3,702,64.93,182.1,7910,3.110,4613,298.6,2119,3.5 L,2.977,2413,-30.5,0.1 L,428
Demo Athlete 06,DEMO006,CMJ,9/2/2026,8:33 AM,97.9,3,,0,43.0,690,61.22,215.7,8230,2.903,5016,321.4,2290,6.5 L,2.776,2553,-31.0,3.4 L,390
Demo Athlete 08,DEMO008,CMJ,9/2/2026,8:18 AM,104.9,3,,0,43.8,881,62.06,231.3,8493,2.931,4368,348.0,2424,3.9 R,2.771,2744,-32.3,2.6 L,518
Demo Athlete 09,DEMO009,CMJ,9/2/2026,8:50 AM,104.5,3,,0,46.4,916,62.73,230.4,7615,3.019,3943,367.3,2343,1.1 R,2.893,2752,-36.1,3.6 L,530
Demo Athlete 01,DEMO001,CMJ,9/7/2026,9:23 AM,91.6,3,,0,49.3,775,65.56,202.0,7870,3.110,4768,329.1,2278,8.0 L,2.912,2528,-32.1,7.3 L,431
Demo Athlete 05,DEMO005,CMJ,9/7/2026,10:28 AM,82.3,3,,0,49.3,776,65.78,181.4,10198,3.110,5379,296.1,2362,4.8 L,2.951,2611,-25.6,3.3 L,449
Demo Athlete 06,DEMO006,CMJ,9/7/2026,7:20 AM,98.1,3,,0,43.4,731,60.58,216.4,7902,2.917,4327,323.6,2275,3.5 L,2.718,2515,-31.8,8.4 L,429
Demo Athlete 07,DEMO007,CMJ,9/7/2026,10:31 AM,90.1,3,,0,52.4,920,67.12,198.6,6148,3.208,3569,325.6,2100,8.0 L,3.045,2341,-38.1,1.3 L,487
Demo Athlete 11,DEMO011,CMJ,9/7/2026,8:00 AM,97.6,3,,0,42.4,911,60.93,215.1,8421,2.885,3682,326.9,2256,6.7 L,2.713,2631,-31.2,5.3 L,557
Demo Athlete 12,DEMO012,CMJ,9/7/2026,10:02 AM,101.4,3,,0,37.6,667,57.15,223.5,5640,2.715,3518,321.2,1967,1.9 R,2.584,2167,-38.4,0.3 R,384
Demo Athlete 13,DEMO013,CMJ,9/7/2026,10:01 AM,104.3,3,,0,42.4,724,60.83,229.9,7998,2.883,4745,354.1,2337,8.3 L,2.692,2639,-33.0,2.5 L,443
Demo Athlete 14,DEMO014,CMJ,9/7/2026,7:50 AM,94.3,3,,0,52.9,808,67.95,208.0,10214,3.222,5231,356.4,2623,2.6 L,3.000,2947,-28.9,4.4 R,475
Demo Athlete 16,DEMO016,CMJ,9/7/2026,7:28 AM,96.7,3,,0,49.7,706,65.04,213.3,9558,3.121,5594,355.1,2506,4.1 R,2.910,2892,-30.3,2.4 R,426
Demo Athlete 17,DEMO017,CMJ,9/7/2026,10:56 AM,103.7,3,,0,39.3,794,57.50,228.7,7160,2.775,4085,327.8,2169,0.6 R,2.628,2484,-34.7,0.2 R,503
Demo Athlete 03,DEMO003,CMJ,9/8/2026,10:37 AM,96.3,3,,0,40.3,952,59.15,212.2,6656,2.812,3234,313.4,2057,2.8 R,2.644,2277,-34.2,1.7 R,531
Demo Athlete 10,DEMO010,CMJ,9/8/2026,8:41 AM,82.3,3,,0,50.6,777,66.01,181.5,6524,3.151,4158,296.1,1966,0.7 L,3.011,2302,-35.3,1.2 R,482
Demo Athlete 15,DEMO015,CMJ,9/8/2026,9:54 AM,99.1,3,,0,53.8,795,68.66,218.4,7891,3.248,4495,377.7,2472,3.1 R,3.069,2748,-34.8,1.2 R,460
Demo Athlete 08,DEMO008,CMJ,9/9/2026,9:56 AM,105.0,3,,0,46.3,927,63.71,231.6,9414,3.015,4769,365.9,2587,3.5 R,2.867,2888,-30.7,1.7 R,611
Demo Athlete 01,DEMO001,CMJ,9/14/2026,9:34 AM,91.1,3,,0,48.5,765,64.20,200.8,8713,3.084,5153,330.8,2312,9.1 L,2.924,2661,-30.5,1.5 L,418
Demo Athlete 05,DEMO005,CMJ,9/14/2026,9:00 AM,82.1,3,,0,51.2,704,66.18,180.9,9055,3.169,5495,292.1,2249,5.0 L,2.950,2584,-28.5,5.0 L,414
Demo Athlete 09,DEMO009,CMJ,9/14/2026,8:10 AM,105.3,3,,0,45.9,922,63.12,232.1,6864,3.002,3764,362.7,2296,1.5 R,2.793,2578,-37.6,5.9 L,500
Demo Athlete 11,DEMO011,CMJ,9/14/2026,7:34 AM,97.5,3,,0,42.9,870,61.00,215.0,7745,2.901,4299,317.5,2200,6.2 L,2.785,2556,-33.0,6.4 L,521
Demo Athlete 14,DEMO014,CMJ,9/14/2026,7:53 AM,94.0,3,,0,51.0,767,66.28,207.3,9225,3.162,5155,343.3,2440,2.3 L,2.968,2857,-31.0,1.9 R,427
Demo Athlete 03,DEMO003,CMJ,9/15/2026,10:11 AM,96.0,3,,0,40.2,914,58.55,211.7,7661,2.808,3802,311.1,2124,4.1 R,2.656,2452,-32.0,1.6 R,545
Demo Athlete 04,DEMO004,CMJ,9/15/2026,10:30 AM,86.7,3,,0,52.2,783,67.77,191.2,6751,3.202,4763,318.2,2082,6.5 L,2.983,2438,-36.1,7.3 L,482
Demo Athlete 07,DEMO007,CMJ,9/15/2026,7:40 AM,90.2,3,,0,49.5,835,65.02,198.9,7748,3.117,4852,319.3,2206,0.7 L,2.911,2569,-33.2,3.9 L,466
Demo Athlete 10,DEMO010,CMJ,9/15/2026,8:19 AM,83.2,3,,0,49.0,770,65.64,183.3,6261,3.100,4345,301.6,1959,0.9 L,2.941,2188,-35.0,0.6 R,465
Demo Athlete 12,DEMO012,CMJ,9/15/2026,9:19 AM,101.8,3,,0,36.7,596,55.84,224.3,6270,2.682,5052,317.9,1988,1.0 R,2.544,2319,-37.0,2.6 R,356
Demo Athlete 19,DEMO019,CMJ,9/15/2026,10:16 AM,97.5,3,,0,47.5,959,63.68,214.9,6508,3.053,3735,348.8,2133,1.7 L,2.900,2513,-38.6,6.7 L,603
Demo Athlete 06,DEMO006,CMJ,9/16/2026,9:11 AM,98.7,3,,0,41.8,745,59.34,217.6,7104,2.865,4335,326.6,2135,1.6 L,2.748,2467,-34.7,8.0 L,467
Demo Athlete 08,DEMO008,CMJ,9/16/2026,9:33 AM,105.7,3,,0,44.2,904,61.34,232.9,7607,2.945,3709,349.3,2334,4.4 R,2.761,2686,-35.3,5.5 R,576
Demo Athlete 15,DEMO015,CMJ,9/16/2026,7:24 AM,98.8,3,,0,51.6,764,66.74,217.7,8248,3.181,5200,353.0,2418,2.8 R,3.048,2842,-34.5,3.2 L,438
Demo Athlete 20,DEMO020,CMJ,9/16/2026,8:49 AM,83.3,3,,0,48.9,906,64.30,183.7,8157,3.097,3748,296.1,2151,7.9 L,2.968,2445,-30.0,9.6 L,590
Demo Athlete 01,DEMO001,CMJ,9/21/2026,10:38 AM,92.1,3,,0,50.0,695,65.99,203.1,8102,3.131,5171,338.6,2299,9.3 L,2.930,2622,-32.4,5.6 L,379
Demo Athlete 02,DEMO002,CMJ,9/21/2026,9:54 AM,93.6,3,,0,50.0,869,65.01,206.4,6428,3.131,3597,340.5,2150,2.3 L,2.966,2394,-37.2,2.7 L,479
Demo Athlete 03,DEMO003,CMJ,9/21/2026,8:01 AM,96.0,3,,0,40.3,823,58.42,211.6,6784,2.814,3881,304.3,2046,0.8 R,2.668,2333,-34.4,5.5 R,472
Demo Athlete 05,DEMO005,CMJ,9/21/2026,9:48 AM,82.1,3,,0,48.2,768,63.89,181.1,8518,3.074,5035,292.9,2155,4.1 L,2.909,2450,-28.8,3.3 L,473
Demo Athlete 06,DEMO006,CMJ,9/21/2026,7:07 AM,98.4,3,,0,39.0,823,58.31,216.9,7820,2.766,4489,309.3,2136,4.1 L,2.654,2512,-32.1,1.5 L,473
Demo Athlete 07,DEMO007,CMJ,9/21/2026,9:12 AM,91.1,3,,0,50.1,819,65.75,200.8,6245,3.134,3898,324.6,2058,2.4 L,2.991,2398,-38.4,2.3 L,465
Demo Athlete 08,DEMO008,CMJ,9/21/2026,10:11 AM,105.9,3,,0,42.0,741,59.93,233.6,8196,2.872,4904,344.2,2351,3.8 R,2.755,2731,-33.3,2.3 R,496
Demo Athlete 09,DEMO009,CMJ,9/21/2026,10:15 AM,105.0,3,,0,43.7,827,61.78,231.6,6704,2.929,3803,355.5,2232,1.5 L,2.751,2514,-37.5,0.6 R,498
Demo Athlete 12,DEMO012,CMJ,9/21/2026,7:50 AM,101.3,3,,0,36.3,814,55.78,223.2,6908,2.667,3380,303.7,2061,1.5 R,2.550,2332,-33.8,4.4 L,501
Demo Athlete 13,DEMO013,CMJ,9/21/2026,9:46 AM,104.3,3,,0,43.1,773,60.77,229.9,6034,2.909,4181,346.5,2141,3.1 L,2.792,2382,-39.5,9.9 L,472
Demo Athlete 16,DEMO016,CMJ,9/21/2026,9:35 AM,98.1,3,,0,52.0,749,66.60,216.2,10449,3.195,6781,357.9,2660,3.0 R,3.008,3081,-29.5,3.1 R,438
Demo Athlete 17,DEMO017,CMJ,9/21/2026,8:44 AM,104.3,3,,0,40.5,723,58.74,229.9,7632,2.821,4953,331.0,2232,5.1 L,2.686,2619,-34.3,1.4 R,442
Demo Athlete 04,DEMO004,CMJ,9/22/2026,8:11 AM,86.9,3,,0,53.6,933,68.23,191.6,6603,3.242,3969,323.4,2125,4.4 L,3.027,2372,-35.9,9.3 L,602
Demo Athlete 10,DEMO010,CMJ,9/22/2026,7:42 AM,82.2,3,,0,50.9,858,66.14,181.3,7420,3.161,3870,297.0,2095,5.1 R,2.986,2366,-31.9,0.4 R,554
Demo Athlete 11,DEMO011,CMJ,9/22/2026,8:46 AM,97.3,3,,0,42.1,943,60.36,214.6,7229,2.873,3391,313.5,2134,6.1 L,2.752,2461,-34.0,9.6 L,628
Demo Athlete 14,DEMO014,CMJ,9/22/2026,8:35 AM,95.0,3,,0,51.9,980,66.55,209.5,9177,3.191,4585,350.9,2498,0.0 R,3.053,2837,-30.9,2.3 R,582
Demo Athlete 18,DEMO018,CMJ,9/22/2026,8:41 AM,81.1,3,,0,47.3,719,63.42,178.8,5911,3.046,4108,282.3,1857,5.3 L,2.867,2096,-35.5,11.6 L,451
Demo Athlete 15,DEMO015,CMJ,9/23/2026,9:23 AM,98.5,3,,0,51.0,692,65.74,217.2,7423,3.163,5431,364.1,2311,2.7 L,3.023,2722,-36.7,3.3 R,414
Demo Athlete 01,DEMO001,CMJ,9/28/2026,9:37 AM,92.4,3,,0,49.0,791,65.06,203.8,8065,3.099,4319,327.4,2283,7.0 L,2.903,2602,-32.3,3.2 L,458
Demo Athlete 04,DEMO004,CMJ,9/28/2026,8:38 AM,86.8,3,,0,52.0,940,66.78,191.5,6777,3.193,3578,317.8,2107,5.9 L,2.978,2390,-35.3,2.7 L,540
Demo Athlete 06,DEMO006,CMJ,9/28/2026,7:10 AM,97.9,3,,0,43.0,819,60.80,215.8,8125,2.903,4729,335.1,2245,5.1 L,2.727,2608,-32.1,4.1 L,499
Demo Athlete 09,DEMO009,CMJ,9/28/2026,8:24 AM,104.6,3,,0,44.7,799,61.64,230.6,7268,2.962,4895,348.4,2281,3.8 L,2.771,2658,-36.6,0.6 L,451
Demo Athlete 13,DEMO013,CMJ,9/28/2026,10:33 AM,103.4,3,,0,43.0,669,60.19,227.9,6280,2.904,4960,340.3,2157,0.4 L,2.738,2394,-38.1,1.1 L,388
Demo Athlete 16,DEMO016,CMJ,9/28/2026,10:35 AM,97.1,3,,0,52.0,729,66.75,214.0,10391,3.195,6660,357.5,2659,4.4 R,3.067,3017,-29.0,0.8 R,430
Demo Athlete 03,DEMO003,CMJ,9/29/2026,9:46 AM,96.4,3,,0,38.9,803,58.34,212.6,7845,2.764,3779,303.7,2155,4.4 R,2.641,2391,-30.5,1.1 R,469
Demo Athlete 07,DEMO007,CMJ,9/29/2026,8:18 AM,90.2,3,,0,52.5,932,66.88,198.9,5945,3.211,3251,340.2,2065,2.7 L,2.997,2343,-39.4,0.4 L,517
Demo Athlete 10,DEMO010,CMJ,9/29/2026,8:04 AM,83.8,3,,0,50.2,805,65.96,184.8,5685,3.138,4047,305.8,1898,3.5 R,2.945,2183,-38.4,3.4 R,500
Demo Athlete 12,DEMO012,CMJ,9/29/2026,7:34 AM,100.9,3,,0,36.1,745,56.32,222.4,7723,2.662,4601,301.6,2123,4.8 R,2.479,2434,-31.5,4.0 R,457
Demo Athlete 14,DEMO014,CMJ,9/29/2026,8:22 AM,94.6,3,,0,49.1,821,64.82,208.5,9341,3.104,4899,339.8,2456,4.4 L,2.955,2785,-29.8,1.0 R,475
Demo Athlete 19,DEMO019,CMJ,9/29/2026,9:57 AM,97.3,3,,0,45.5,889,63.06,214.5,7100,2.986,3816,337.6,2175,1.7 L,2.833,2524,-35.6,4.2 L,555
Demo Athlete 20,DEMO020,CMJ,9/29/2026,9:07 AM,84.3,3,,0,49.7,785,66.10,185.9,8223,3.123,5152,304.1,2179,6.4 L,2.946,2499,-30.4,4.4 L,445
Demo Athlete 08,DEMO008,CMJ,9/30/2026,8:05 AM,105.3,3,,0,44.0,873,60.85,232.1,7662,2.939,4159,364.7,2330,0.1 L,2.745,2686,-35.1,2.9 R,547
Demo Athlete 11,DEMO011,CMJ,9/30/2026,9:57 AM,97.9,3,,0,41.8,876,59.69,215.9,8233,2.865,4436,315.3,2254,8.2 L,2.742,2557,-31.1,12.0 L,568
Demo Athlete 15,DEMO015,CMJ,9/30/2026,9:46 AM,98.1,3,,0,50.5,764,66.69,216.3,6485,3.147,4823,349.9,2220,1.1 R,2.929,2506,-38.6,2.3 R,452
