Athlete,Test Type,Date,Time,System Weight(N),Jump Height(m),Peak Relative Propulsive Power(W/kg),Braking RFD(N/s),Time To Takeoff(s),Positive Impulse(N.s),Countermovement Depth(m),Takeoff Velocity(m/s),Stiffness(N/m),Force at Min Displacement(N),Avg. Propulsive Force(N),L|R Braking Impulse Index(%),L|R Propulsive Impulse Index(%)
Demo Athlete 01,Countermovement Jump,2026-02-16,08:41:00,904.8,0.4468,61.31,4378,0.819,309.1,-0.3230,2.961,7776,2512,2156,4.7,3.1
Demo Athlete 06,Countermovement Jump,2026-02-16,07:58:00,960.2,0.4156,60.31,3662,0.832,329.7,-0.3181,2.855,7809,2484,2215,9.8,3.0
Demo Athlete 09,Countermovement Jump,2026-02-16,09:46:00,1042.1,0.4346,61.68,5059,0.738,361.4,-0.3443,2.920,7780,2679,2358,5.1,-0.0
Demo Athlete 10,Countermovement Jump,2026-02-16,08:08:00,821.2,0.4642,62.97,3229,0.860,295.3,-0.3398,3.018,6391,2172,1943,0.2,-2.1
Demo Athlete 05,Countermovement Jump,2026-02-17,10:53:00,810.7,0.4668,63.21,4532,0.731,292.1,-0.2860,3.026,8332,2383,2134,4.4,2.9
Demo Athlete 12,Countermovement Jump,2026-02-17,09:37:00,995.1,0.3576,55.69,3826,0.656,302.0,-0.3739,2.649,5788,2164,1947,1.5,-2.4
Demo Athlete 13,Countermovement Jump,2026-02-17,08:49:00,1021.8,0.4088,59.84,4435,0.845,336.5,-0.3303,2.832,8067,2664,2287,8.5,-1.7
Demo Athlete 02,Countermovement Jump,2026-02-18,09:33:00,922.4,0.4932,65.22,4989,0.721,336.5,-0.3693,3.111,6754,2495,2154,-1.0,-4.7
Demo Athlete 03,Countermovement Jump,2026-02-18,10:33:00,937.4,0.3746,56.26,3329,0.789,291.5,-0.3275,2.711,6843,2241,2010,-5.5,-4.2
Demo Athlete 04,Countermovement Jump,2026-02-18,09:55:00,857.7,0.5409,68.12,3397,0.968,336.1,-0.3711,3.258,6663,2473,2108,10.9,5.4
Demo Athlete 07,Countermovement Jump,2026-02-18,09:50:00,888.1,0.4724,63.79,3432,0.910,319.4,-0.3733,3.045,6271,2341,2012,6.7,4.7
Demo Athlete 11,Countermovement Jump,2026-02-18,07:06:00,952.0,0.3969,59.04,4717,0.755,311.7,-0.3099,2.791,8115,2515,2172,7.6,9.3
Demo Athlete 15,Countermovement Jump,2026-02-18,10:38:00,967.6,0.5096,66.36,4785,0.752,354.0,-0.3751,3.162,6917,2595,2282,0.4,-1.0
Demo Athlete 16,Countermovement Jump,2026-02-18,09:05:00,946.7,0.4996,65.30,6655,0.739,346.0,-0.2741,3.131,11195,3069,2672,-0.2,-1.7
Demo Athlete 01,Countermovement Jump,2026-02-23,08:37:00,897.4,0.4918,64.49,4205,0.772,323.8,-0.3534,3.106,6841,2417,2146,6.1,6.1
Demo Athlete 06,Countermovement Jump,2026-02-23,09:20:00,967.8,0.4105,59.45,4083,0.815,318.0,-0.3156,2.838,8076,2549,2227,0.7,5.8
Demo Athlete 07,Countermovement Jump,2026-02-23,08:15:00,895.2,0.5104,66.47,4027,0.860,328.5,-0.3560,3.165,7203,2565,2178,-6.7,5.4
Demo Athlete 09,Countermovement Jump,2026-02-23,09:22:00,1030.4,0.4471,61.70,4565,0.840,366.7,-0.3895,2.962,6671,2598,2213,-1.5,3.2
Demo Athlete 12,Countermovement Jump,2026-02-23,08:52:00,999.5,0.3464,54.76,3502,0.734,301.2,-0.3651,2.607,6068,2215,1948,-0.3,1.2
Demo Athlete 13,Countermovement Jump,2026-02-23,09:33:00,1023.1,0.4256,61.10,4927,0.809,343.5,-0.3206,2.890,8483,2720,2381,8.0,4.8
Demo Athlete 15,Countermovement Jump,2026-02-23,09:25:00,967.3,0.5119,66.64,4961,0.696,362.7,-0.3886,3.169,6788,2638,2242,-3.8,-2.3
Demo Athlete 16,Countermovement Jump,2026-02-23,10:56:00,949.2,0.5241,66.43,5735,0.770,353.3,-0.3062,3.207,9625,2948,2574,-2.5,-2.4
Demo Athlete 08,Countermovement Jump,2026-02-24,07:49:00,1032.6,0.4355,60.55,4747,0.783,346.1,-0.3467,2.923,7755,2689,2330,-7.4,-1.8
Demo Athlete 11,Countermovement Jump,2026-02-24,10:46:00,955.3,0.4098,59.76,3661,0.886,313.5,-0.3302,2.835,7201,2378,2141,4.4,9.5
Demo Athlete 02,Countermovement Jump,2026-02-25,07:59:00,922.7,0.4913,65.74,3139,1.028,331.6,-0.3792,3.105,6530,2476,2118,-1.1,1.2
Demo Athlete 04,Countermovement Jump,2026-02-25,09:03:00,853.4,0.5290,68.06,4434,0.884,317.3,-0.3241,3.222,7947,2576,2246,6.6,3.0
Demo Athlete 05,Countermovement Jump,2026-02-25,08:45:00,797.1,0.4621,63.71,6483,0.660,280.2,-0.2606,3.011,9860,2569,2211,1.8,-0.1
Demo Athlete 10,Countermovement Jump,2026-02-25,09:45:00,805.3,0.4883,64.53,4417,0.791,295.5,-0.3307,3.095,6831,2259,1995,-6.1,-3.0
Demo Athlete 14,Countermovement Jump,2026-02-25,09:48:00,923.6,0.5098,65.64,5426,0.830,334.7,-0.3070,3.163,9318,2860,2457,1.8,1.4
Demo Athlete 01,Countermovement Jump,2026-03-02,07:28:00,897.3,0.4765,63.59,4156,0.830,319.9,-0.3162,3.057,8212,2597,2249,3.4,1.6
Demo Athlete 02,Countermovement Jump,2026-03-02,08:23:00,928.1,0.4846,65.02,3917,0.902,341.8,-0.3151,3.084,8300,2615,2356,-5.5,-3.7
Demo Athlete 07,Countermovement Jump,2026-03-02,09:37:00,891.0,0.5102,66.91,4255,0.874,336.0,-0.3562,3.164,7153,2548,2167,1.7,6.9
Demo Athlete 10,Countermovement Jump,2026-03-02,10:46:00,810.1,0.4879,64.14,3547,0.724,291.8,-0.3759,3.094,5473,2057,1861,0.3,0.7
Demo Athlete 12,Countermovement Jump,2026-03-02,10:25:00,993.9,0.3570,55.78,3936,0.653,314.4,-0.3712,2.647,6104,2266,1950,6.1,1.0
Demo Athlete 15,Countermovement Jump,2026-03-02,08:24:00,965.7,0.4905,65.57,5261,0.708,359.6,-0.3857,3.102,6587,2540,2194,-1.5,-0.9
Demo Athlete 16,Countermovement Jump,2026-03-02,08:44:00,954.8,0.5422,67.93,6934,0.702,357.2,-0.3029,3.261,10318,3125,2664,-3.3,3.6
Demo Athlete 06,Countermovement Jump,2026-03-03,08:44:00,963.8,0.4176,59.32,5613,0.738,316.4,-0.3051,2.862,8769,2675,2283,6.0,4.0
Demo Athlete 11,Countermovement Jump,2026-03-03,08:01:00,955.1,0.4391,61.25,3804,0.960,320.1,-0.3145,2.935,8180,2572,2289,7.6,5.4
Demo Athlete 03,Countermovement Jump,2026-03-04,09:55:00,941.9,0.3944,58.16,3604,0.859,306.5,-0.3598,2.782,6371,2292,1974,-0.1,-2.6
Demo Athlete 04,Countermovement Jump,2026-03-04,07:42:00,848.0,0.5244,67.81,3761,0.916,320.3,-0.3405,3.208,7400,2520,2154,10.2,-2.1
Demo Athlete 14,Countermovement Jump,2026-03-04,10:32:00,925.2,0.5076,65.75,5010,0.913,334.4,-0.3066,3.156,9167,2811,2457,-3.5,1.4
Demo Athlete 01,Countermovement Jump,2026-03-09,08:24:00,907.3,0.4673,64.01,4897,0.769,317.3,-0.3003,3.028,8506,2555,2319,1.5,2.0
Demo Athlete 03,Countermovement Jump,2026-03-09,10:29:00,944.7,0.3935,58.62,3266,0.918,315.7,-0.3322,2.778,7259,2411,2064,-1.7,-2.8
Demo Athlete 06,Countermovement Jump,2026-03-09,10:51:00,969.8,0.4243,60.82,4091,0.852,327.9,-0.2892,2.885,9371,2711,2392,6.2,3.9
Demo Athlete 11,Countermovement Jump,2026-03-09,10:15:00,948.8,0.3929,58.45,3200,0.920,311.6,-0.3382,2.776,6773,2290,2051,4.0,8.5
Demo Athlete 13,Countermovement Jump,2026-03-09,09:08:00,1019.9,0.4219,59.59,5673,0.721,349.9,-0.3268,2.877,8267,2701,2337,8.3,5.5
Demo Athlete 16,Countermovement Jump,2026-03-09,08:35:00,954.1,0.5106,66.76,7880,0.651,357.9,-0.2660,3.165,11877,3160,2785,-5.5,-1.0
Demo Athlete 04,Countermovement Jump,2026-03-10,08:37:00,846.5,0.5471,68.46,3778,0.951,322.2,-0.3497,3.276,7309,2556,2171,6.7,3.4
Demo Athlete 05,Countermovement Jump,2026-03-10,08:18:00,807.0,0.4716,63.93,4788,0.762,284.0,-0.2984,3.042,7951,2372,2083,1.3,-0.4
Demo Athlete 08,Countermovement Jump,2026-03-10,08:05:00,1031.6,0.4176,60.54,4349,0.869,341.8,-0.3327,2.862,7954,2646,2326,-3.4,-5.4
Demo Athlete 10,Countermovement Jump,2026-03-10,09:24:00,820.4,0.5006,66.06,4177,0.810,306.5,-0.3319,3.134,7165,2378,2058,-0.4,0.9
Demo Athlete 12,Countermovement Jump,2026-03-10,10:52:00,996.7,0.3602,55.05,3900,0.708,304.0,-0.3933,2.659,5697,2240,1910,-4.3,2.9
Demo Athlete 15,Countermovement Jump,2026-03-10,08:09:00,970.5,0.5256,66.99,4843,0.719,360.7,-0.3602,3.211,7527,2711,2387,-10.0,3.0
Demo Athlete 09,Countermovement Jump,2026-03-11,10:46:00,1027.2,0.4327,60.56,4819,0.768,343.9,-0.3508,2.914,7671,2691,2294,5.0,1.0
Demo Athlete 01,Countermovement Jump,2026-03-16,09:30:00,901.7,0.4961,66.14,4519,0.716,329.1,-0.3431,3.120,7165,2459,2205,2.7,3.7
Demo Athlete 02,Countermovement Jump,2026-03-16,08:08:00,928.1,0.4990,64.86,4077,0.831,343.2,-0.3865,3.129,6109,2361,2126,-2.9,-5.6
Demo Athlete 03,Countermovement Jump,2026-03-16,08:10:00,939.8,0.3896,57.33,4168,0.873,303.5,-0.2880,2.765,9056,2609,2211,-1.6,0.8
Demo Athlete 05,Countermovement Jump,2026-03-16,08:56:00,811.8,0.4561,63.15,5696,0.608,284.7,-0.3071,2.991,7668,2355,2017,-1.1,3.6
Demo Athlete 06,Countermovement Jump,2026-03-16,08:29:00,967.6,0.4042,59.61,4627,0.766,320.4,-0.3047,2.816,8328,2538,2251,1.9,5.0
Demo Athlete 08,Countermovement Jump,2026-03-16,09:29:00,1033.7,0.4500,62.23,5556,0.796,358.0,-0.3339,2.971,8539,2851,2427,-2.1,-4.6
Demo Athlete 10,Countermovement Jump,2026-03-16,07:23:00,815.5,0.4873,64.14,2995,0.928,297.0,-0.4061,3.092,5108,2074,1794,-1.9,-1.8
Demo Athlete 11,Countermovement Jump,2026-03-16,08:36:00,958.1,0.4223,60.09,4084,0.879,328.8,-0.3189,2.878,7703,2456,2227,2.4,6.3
Demo Athlete 12,Countermovement Jump,2026-03-16,09:02:00,1004.2,0.3750,57.43,4238,0.667,319.3,-0.3737,2.713,6287,2350,2012,-3.0,-2.4
Demo Athlete 13,Countermovement Jump,2026-03-16,08:24:00,1025.2,0.4203,59.92,4678,0.750,339.6,-0.3644,2.872,6770,2467,2208,7.2,4.1
Demo Athlete 15,Countermovement Jump,2026-03-16,08:49:00,966.0,0.5334,67.16,4854,0.741,368.3,-0.3695,3.235,7205,2662,2360,-12.9,-4.6
Demo Athlete 16,Countermovement Jump,2026-03-16,10:46:00,947.4,0.4958,65.10,5340,0.749,340.7,-0.2960,3.119,9831,2910,2534,-3.9,0.1
Demo Athlete 04,Countermovement Jump,2026-03-17,09:25:00,846.9,0.5316,67.11,3937,0.960,323.7,-0.3562,3.229,6987,2488,2111,10.4,2.6
Demo Athlete 07,Countermovement Jump,2026-03-17,10:20:00,895.6,0.5169,67.16,3881,0.901,339.1,-0.3598,3.185,6731,2421,2183,3.4,4.3
Demo Athlete 09,Countermovement Jump,2026-03-18,07:16:00,1030.9,0.4540,62.04,4575,0.886,355.1,-0.3416,2.985,7888,2695,2401,1.0,1.4
Demo Athlete 01,Countermovement Jump,2026-03-23,10:11:00,896.9,0.4876,64.17,4559,0.752,316.8,-0.3144,3.093,8061,2534,2288,1.6,4.5
Demo Athlete 03,Countermovement Jump,2026-03-23,09:16:00,934.5,0.3790,57.47,3416,0.979,296.6,-0.3177,2.727,7501,2383,2049,1.3,0.4
Demo Athlete 04,Countermovement Jump,2026-03-23,07:47:00,835.0,0.5158,67.34,3836,0.786,317.8,-0.3826,3.181,5708,2184,1961,0.4,5.5
Demo Athlete 07,Countermovement Jump,2026-03-23,09:35:00,890.5,0.4765,63.58,4088,0.876,312.1,-0.3562,3.058,6626,2360,2082,5.2,2.7
Demo Athlete 08,Countermovement Jump,2026-03-23,08:05:00,1043.2,0.4563,63.33,4195,0.939,362.5,-0.3125,2.992,9506,2971,2566,-4.0,-1.8
Demo Athlete 10,Countermovement Jump,2026-03-23,08:05:00,810.9,0.4967,64.91,3963,0.740,295.0,-0.3282,3.122,6888,2261,2038,-3.7,-0.7
Demo Athlete 14,Countermovement Jump,2026-03-23,08:43:00,921.2,0.5062,66.33,3963,0.936,336.4,-0.3019,3.151,9028,2726,2466,-2.2,-3.0
Demo Athlete 15,Countermovement Jump,2026-03-23,08:45:00,965.5,0.5149,66.62,5054,0.662,362.8,-0.3757,3.179,6862,2578,2289,-0.0,-1.3
Demo Athlete 16,Countermovement Jump,2026-03-23,09:26:00,946.0,0.5261,67.71,6936,0.679,362.6,-0.2901,3.213,10821,3140,2661,-4.4,-5.2
Demo Athlete 02,Countermovement Jump,2026-03-24,09:05:00,926.6,0.4930,65.80,5005,0.739,340.0,-0.3402,3.110,7700,2620,2269,-5.5,-0.3
Demo Athlete 05,Countermovement Jump,2026-03-24,08:09:00,810.1,0.4823,64.99,4841,0.812,293.2,-0.2885,3.076,8639,2493,2164,4.6,8.2
Demo Athlete 09,Countermovement Jump,2026-03-24,08:24:00,1036.0,0.4276,60.19,5074,0.827,354.5,-0.2839,2.896,10316,2929,2596,0.9,0.9
Demo Athlete 11,Countermovement Jump,2026-03-24,08:54:00,949.2,0.4014,59.28,4103,0.869,307.6,-0.3192,2.806,7884,2516,2143,9.0,10.0
Demo Athlete 06,Countermovement Jump,2026-03-25,08:26:00,968.2,0.4380,61.30,5656,0.729,328.0,-0.2926,2.932,9722,2845,2417,0.9,5.1
Demo Athlete 13,Countermovement Jump,2026-03-25,08:55:00,1024.9,0.4333,61.76,5663,0.644,353.5,-0.3776,2.916,6806,2570,2201,6.0,2.1
Demo Athlete 01,Countermovement Jump,2026-03-30,08:36:00,907.0,0.4807,64.67,4299,0.825,319.9,-0.3441,3.071,7240,2491,2174,4.9,4.5
Demo Athlete 06,Countermovement Jump,2026-03-30,08:09:00,965.9,0.4322,61.27,4312,0.852,325.8,-0.3067,2.912,8644,2651,2327,5.0,2.7
Demo Athlete 13,Countermovement Jump,2026-03-30,09:09:00,1028.2,0.4302,60.19,5335,0.659,351.3,-0.3607,2.905,6971,2514,2255,1.9,2.0
Demo Athlete 03,Countermovement Jump,2026-03-31,10:59:00,942.4,0.4082,59.23,4177,0.844,308.6,-0.2962,2.830,8474,2510,2241,0.0,-3.0
Demo Athlete 05,Countermovement Jump,2026-03-31,08:48:00,806.9,0.4896,64.73,5011,0.735,296.7,-0.3081,3.099,7994,2463,2089,0.5,4.6
Demo Athlete 07,Countermovement Jump,2026-03-31,10:58:00,889.3,0.5175,67.20,3950,0.818,324.5,-0.3606,3.186,6638,2394,2166,2.7,-0.1
Demo Athlete 12,Countermovement Jump,2026-03-31,07:44:00,996.9,0.3694,56.61,4268,0.658,310.9,-0.3160,2.692,7535,2381,2162,1.4,3.4
Demo Athlete 16,Countermovement Jump,2026-03-31,08:42:00,950.6,0.4940,65.46,5994,0.699,352.4,-0.2852,3.113,10196,2908,2597,1.3,-6.4
Demo Athlete 02,Countermovement Jump,2026-04-01,08:32:00,927.0,0.4977,65.78,3806,0.825,341.1,-0.3513,3.125,7019,2466,2240,-7.4,-1.1
Demo Athlete 04,Countermovement Jump,2026-04-01,07:34:00,850.8,0.5438,68.75,4814,0.923,327.4,-0.3004,3.266,9255,2780,2391,0.2,-4.4
Demo Athlete 08,Countermovement Jump,2026-04-01,09:40:00,1032.7,0.4362,60.80,4039,0.893,345.1,-0.3224,2.925,8611,2776,2430,-4.6,0.4
Demo Athlete 10,Countermovement Jump,2026-04-01,08:01:00,816.1,0.4918,65.63,3771,0.828,290.2,-0.3596,3.106,5971,2147,1933,-0.3,-0.9
Demo Athlete 11,Countermovement Jump,2026-04-01,08:42:00,954.6,0.4310,60.54,4107,0.845,330.3,-0.2838,2.908,9397,2667,2404,2.5,6.9
Demo Athlete 14,Countermovement Jump,2026-04-01,08:21:00,929.5,0.5261,66.66,5311,0.889,355.9,-0.2975,3.213,9750,2901,2573,-4.8,-1.7
Demo Athlete 15,Countermovement Jump,2026-04-01,08:06:00,964.8,0.5088,65.95,4387,0.769,348.3,-0.3874,3.159,6657,2579,2232,-2.1,1.7
Demo Athlete 01,Countermovement Jump,2026-04-06,09:20:00,901.8,0.4995,65.99,4494,0.788,334.1,-0.3425,3.130,7616,2608,2217,1.1,2.6
Demo Athlete 02,Countermovement Jump,2026-04-06,08:45:00,919.9,0.4953,64.77,4590,0.809,331.1,-0.3591,3.117,6815,2447,2189,-3.3,1.0
Demo Athlete 08,Countermovement Jump,2026-04-06,07:11:00,1036.9,0.4474,62.60,5065,0.786,362.8,-0.3446,2.963,8081,2785,2383,-2.5,2.0
Demo Athlete 09,Countermovement Jump,2026-04-06,08:22:00,1035.7,0.4307,61.31,5128,0.767,357.5,-0.3434,2.907,7894,2711,2335,0.3,3.4
Demo Athlete 11,Countermovement Jump,2026-04-06,08:15:00,952.7,0.4065,59.76,3024,0.959,320.2,-0.3557,2.824,6493,2310,2041,10.6,6.5
Demo Athlete 13,Countermovement Jump,2026-04-06,07:50:00,1012.2,0.4347,61.62,5859,0.656,341.4,-0.3431,2.921,7692,2639,2295,6.6,7.4
Demo Athlete 05,Countermovement Jump,2026-04-07,08:01:00,803.9,0.4898,65.17,5071,0.761,288.5,-0.3040,3.100,8136,2473,2099,-0.5,2.3
Demo Athlete 07,Countermovement Jump,2026-04-07,09:51:00,896.2,0.5426,68.33,4386,0.959,344.4,-0.3553,3.263,7447,2646,2265,-0.9,3.2
Demo Athlete 03,Countermovement Jump,2026-04-08,10:07:00,946.1,0.4060,58.71,3656,0.906,304.9,-0.3140,2.823,7661,2406,2170,3.2,-0.5
Demo Athlete 06,Countermovement Jump,2026-04-08,09:59:00,970.6,0.4271,60.51,5163,0.821,323.4,-0.2890,2.895,9395,2715,2405,9.5,5.5
Demo Athlete 10,Countermovement Jump,2026-04-08,07:12:00,817.0,0.5021,65.34,3964,0.800,300.5,-0.3316,3.139,7038,2334,2054,3.7,4.1
Demo Athlete 12,Countermovement Jump,2026-04-08,07:01:00,1002.0,0.3818,57.97,2909,0.829,317.6,-0.4117,2.737,5266,2168,1931,-8.3,-1.8
Demo Athlete 14,Countermovement Jump,2026-04-08,09:45:00,935.8,0.5355,68.55,6539,0.789,359.4,-0.2944,3.241,10534,3101,2638,-5.2,3.6
Demo Athlete 15,Countermovement Jump,2026-04-08,10:16:00,965.0,0.5171,66.15,5838,0.675,367.4,-0.3893,3.185,6672,2598,2247,-2.6,3.3
Demo Athlete 01,Countermovement Jump,2026-04-13,07:15:00,901.0,0.5075,66.73,4207,0.811,331.7,-0.3256,3.155,7935,2584,2305,4.0,3.7
Demo Athlete 07,Countermovement Jump,2026-04-13,10:02:00,903.0,0.5097,66.29,4336,0.772,327.1,-0.3880,3.162,6044,2345,2089,5.7,1.3
Demo Athlete 09,Countermovement Jump,2026-04-13,07:42:00,1030.1,0.4272,60.36,4508,0.704,343.8,-0.3595,2.895,6997,2515,2254,2.8,0.2
Demo Athlete 13,Countermovement Jump,2026-04-13,10:58:00,1019.1,0.4146,59.22,5929,0.670,349.2,-0.3430,2.852,7719,2648,2251,-0.4,7.0
Demo Athlete 02,Countermovement Jump,2026-04-14,08:07:00,920.9,0.4802,63.72,4085,0.815,335.5,-0.3800,3.070,6075,2308,2085,3.2,-0.5
Demo Athlete 05,Countermovement Jump,2026-04-14,08:44:00,811.6,0.4864,64.06,5399,0.671,289.4,-0.2724,3.089,9208,2508,2261,7.7,-1.9
Demo Athlete 06,Countermovement Jump,2026-04-14,07:28:00,959.9,0.4246,61.11,4329,0.802,316.8,-0.3184,2.886,7827,2492,2240,6.0,5.2
Demo Athlete 10,Countermovement Jump,2026-04-14,09:25:00,819.6,0.4897,64.25,3773,0.861,301.5,-0.3301,3.100,7033,2322,2035,-1.2,-0.2
Demo Athlete 12,Countermovement Jump,2026-04-14,09:59:00,990.8,0.3732,56.71,4721,0.632,319.5,-0.3491,2.706,6830,2384,2050,-0.9,-1.9
Demo Athlete 15,Countermovement Jump,2026-04-14,09:16:00,963.2,0.5179,66.67,5504,0.732,355.5,-0.3788,3.188,7103,2691,2280,1.9,-2.0
Demo Athlete 03,Countermovement Jump,2026-04-15,07:48:00,937.4,0.3804,57.58,4767,0.791,307.9,-0.2972,2.732,8474,2518,2137,-5.2,-0.7
Demo Athlete 04,Countermovement Jump,2026-04-15,10:27:00,851.4,0.5374,68.23,2844,0.990,319.5,-0.3929,3.247,5667,2226,2016,0.8,2.7
Demo Athlete 08,Countermovement Jump,2026-04-15,10:01:00,1041.5,0.4561,62.70,4231,0.731,363.8,-0.3826,2.991,6689,2559,2283,0.2,0.4
Demo Athlete 11,Countermovement Jump,2026-04-15,08:06:00,950.6,0.4150,59.43,4027,0.927,320.4,-0.3178,2.854,8079,2568,2192,2.6,4.1
Demo Athlete 16,Countermovement Jump,2026-04-15,09:11:00,953.1,0.5162,67.06,7052,0.704,353.4,-0.2862,3.182,10728,3070,2672,-2.3,-6.1
Demo Athlete 01,Countermovement Jump,2026-04-20,08:38:00,905.0,0.4860,64.86,5569,0.687,332.4,-0.3198,3.088,8377,2679,2280,7.8,6.2
Demo Athlete 04,Countermovement Jump,2026-04-20,07:11:00,854.5,0.5360,67.96,3924,0.837,316.9,-0.3948,3.243,5987,2364,2015,7.8,2.6
Demo Athlete 06,Countermovement Jump,2026-04-20,08:31:00,975.7,0.4201,60.73,4329,0.779,326.4,-0.3319,2.871,7528,2499,2211,9.1,8.7
Demo Athlete 07,Countermovement Jump,2026-04-20,09:18:00,897.8,0.4859,64.15,3477,0.890,325.4,-0.3632,3.088,6470,2350,2099,-1.9,4.5
Demo Athlete 12,Countermovement Jump,2026-04-20,08:01:00,1008.6,0.3788,56.55,4026,0.768,328.1,-0.3743,2.726,6221,2328,2029,-8.6,-1.8
Demo Athlete 13,Countermovement Jump,2026-04-20,10:57:00,1026.1,0.4282,60.53,6297,0.646,343.6,-0.3396,2.899,7980,2710,2320,3.8,6.2
Demo Athlete 14,Countermovement Jump,2026-04-20,08:39:00,928.7,0.5113,65.73,5233,0.849,341.9,-0.2840,3.167,10122,2875,2601,-0.0,0.2
Demo Athlete 03,Countermovement Jump,2026-04-21,09:16:00,943.7,0.3749,56.88,2917,0.860,303.3,-0.3392,2.712,6463,2192,1987,-4.2,-5.8
Demo Athlete 05,Countermovement Jump,2026-04-21,08:04:00,802.5,0.4757,63.35,4289,0.844,289.7,-0.2978,3.055,8012,2386,2085,10.4,3.2
Demo Athlete 09,Countermovement Jump,2026-04-21,08:49:00,1024.9,0.4488,62.86,4052,0.884,352.8,-0.3774,2.967,6845,2583,2244,2.1,0.9
Demo Athlete 10,Countermovement Jump,2026-04-21,07:58:00,817.1,0.4995,65.86,3772,0.838,298.8,-0.3658,3.131,6156,2252,1933,-3.1,2.3
Demo Athlete 11,Countermovement Jump,2026-04-21,10:23:00,957.0,0.4352,61.13,4597,0.848,326.4,-0.3053,2.922,8589,2622,2321,10.4,7.7
Demo Athlete 15,Countermovement Jump,2026-04-21,10:59:00,967.5,0.5123,66.18,4779,0.788,367.4,-0.3830,3.170,6867,2630,2262,2.0,-0.4
Demo Athlete 16,Countermovement Jump,2026-04-21,07:35:00,951.6,0.5163,66.43,5859,0.731,361.9,-0.2984,3.183,9988,2981,2598,2.2,-6.7
Demo Athlete 17,Countermovement Jump,2026-04-21,08:08:00,1019.7,0.3119,51.29,3236,0.802,292.5,-0.3341,2.474,6510,2175,1972,21.6,16.4
Demo Athlete 02,Countermovement Jump,2026-04-22,09:29:00,929.0,0.5179,67.24,4748,0.843,354.6,-0.3578,3.188,7482,2677,2273,-1.9,-1.1
Demo Athlete 08,Countermovement Jump,2026-04-22,08:34:00,1034.0,0.4597,62.59,3723,0.894,368.4,-0.3532,3.003,7595,2683,2380,1.6,-5.6
Demo Athlete 01,Countermovement Jump,2026-04-27,10:45:00,903.7,0.4986,66.19,4952,0.744,334.5,-0.3703,3.128,6614,2449,2121,4.9,2.1
Demo Athlete 05,Countermovement Jump,2026-04-27,09:43:00,810.6,0.4681,63.21,5365,0.725,289.7,-0.2985,3.030,8217,2453,2082,1.8,1.4
Demo Athlete 06,Countermovement Jump,2026-04-27,07:11:00,960.8,0.4311,60.66,5416,0.770,322.3,-0.3077,2.908,8791,2705,2307,1.8,7.2
Demo Athlete 07,Countermovement Jump,2026-04-27,07:35:00,891.6,0.5187,67.12,3865,0.886,327.3,-0.3473,3.190,7162,2487,2223,-0.6,-4.6
Demo Athlete 12,Countermovement Jump,2026-04-27,09:23:00,998.9,0.3869,58.27,4412,0.703,325.8,-0.3762,2.755,6232,2344,2026,-6.0,-1.5
Demo Athlete 14,Countermovement Jump,2026-04-27,07:45:00,924.7,0.5281,67.60,6840,0.732,348.0,-0.2939,3.219,10196,2996,2586,6.7,4.0
Demo Athlete 15,Countermovement Jump,2026-04-27,08:18:00,969.3,0.5281,67.55,5454,0.693,367.5,-0.3641,3.219,7344,2674,2375,-1.5,-1.1
Demo Athlete 03,Countermovement Jump,2026-04-28,09:03:00,944.9,0.3918,58.14,3986,0.876,314.5,-0.3300,2.772,7244,2390,2067,0.6,0.5
Demo Athlete 04,Countermovement Jump,2026-04-28,09:18:00,844.5,0.5462,68.41,4259,0.888,327.3,-0.3697,3.274,6470,2392,2092,2.6,3.7
Demo Athlete 09,Countermovement Jump,2026-04-28,08:55:00,1038.9,0.4430,61.22,4107,0.802,359.4,-0.3738,2.948,7101,2654,2270,4.3,-2.5
Demo Athlete 13,Countermovement Jump,2026-04-28,10:17:00,1017.6,0.4165,60.58,5207,0.696,333.4,-0.3295,2.859,7788,2566,2304,7.0,2.4
Demo Athlete 08,Countermovement Jump,2026-04-29,08:17:00,1039.3,0.4497,61.98,3761,0.902,362.3,-0.3381,2.970,7939,2684,2422,1.5,-4.0
Demo Athlete 10,Countermovement Jump,2026-04-29,08:21:00,817.0,0.4962,65.04,3805,0.833,293.4,-0.3304,3.120,6890,2277,2044,0.6,-3.0
Demo Athlete 11,Countermovement Jump,2026-04-29,07:45:00,951.7,0.4099,58.80,2984,0.925,314.0,-0.3537,2.836,6443,2279,2055,10.2,12.1
Demo Athlete 01,Countermovement Jump,2026-05-04,08:12:00,901.5,0.4867,65.15,5785,0.713,320.1,-0.3245,3.090,8173,2652,2254,5.9,1.9
Demo Athlete 03,Countermovement Jump,2026-05-04,09:47:00,943.9,0.3868,58.23,3898,0.832,312.8,-0.3170,2.755,7326,2323,2096,-3.0,-4.4
Demo Athlete 06,Countermovement Jump,2026-05-04,08:27:00,970.2,0.4251,60.05,4789,0.712,328.0,-0.3134,2.888,8215,2575,2286,3.0,7.9
Demo Athlete 09,Countermovement Jump,2026-05-04,09:14:00,1026.2,0.4281,60.47,4277,0.766,346.4,-0.3508,2.898,7206,2528,2279,-3.6,-0.5
Demo Athlete 10,Countermovement Jump,2026-05-04,09:42:00,813.3,0.4862,64.70,3309,0.853,287.8,-0.3537,3.089,6142,2173,1931,-7.8,-1.8
Demo Athlete 11,Countermovement Jump,2026-05-04,10:31:00,950.4,0.4392,61.96,3829,0.938,318.7,-0.3259,2.935,7706,2512,2231,3.3,4.3
Demo Athlete 13,Countermovement Jump,2026-05-04,07:42:00,1014.4,0.4505,62.00,6056,0.692,355.4,-0.3276,2.973,8471,2775,2409,4.6,7.9
Demo Athlete 14,Countermovement Jump,2026-05-04,10:46:00,931.2,0.5301,67.86,4240,0.938,347.0,-0.2994,3.225,9706,2906,2580,-4.7,-4.7
Demo Athlete 15,Countermovement Jump,2026-05-04,08:23:00,969.9,0.5220,67.54,5273,0.665,361.8,-0.4025,3.200,6184,2489,2228,-0.6,-1.5
Demo Athlete 16,Countermovement Jump,2026-05-04,09:02:00,951.6,0.5033,65.62,6535,0.737,356.7,-0.2736,3.143,10960,2999,2702,-2.7,-5.3
Demo Athlete 17,Countermovement Jump,2026-05-04,09:34:00,1007.8,0.3142,52.38,2864,0.888,298.6,-0.3297,2.483,6578,2169,1968,8.7,11.2
Demo Athlete 04,Countermovement Jump,2026-05-05,07:46:00,849.8,0.5351,68.37,2871,1.044,326.2,-0.3741,3.240,6234,2332,2065,8.9,1.3
Demo Athlete 07,Countermovement Jump,2026-05-05,07:00:00,894.7,0.5044,65.66,4079,0.827,332.5,-0.4009,3.146,5861,2350,2020,11.6,10.4
Demo Athlete 18,Countermovement Jump,2026-05-05,08:05:00,788.2,0.3703,57.01,3378,0.745,250.3,-0.3163,2.695,6140,1942,1711,27.5,22.8
Demo Athlete 08,Countermovement Jump,2026-05-06,08:48:00,1037.0,0.4454,62.54,5968,0.749,366.9,-0.3125,2.956,9380,2931,2515,-5.3,-5.5
Demo Athlete 12,Countermovement Jump,2026-05-06,09:24:00,993.5,0.3720,56.54,3926,0.665,314.1,-0.3851,2.702,5625,2166,1953,-0.4,-1.1
Demo Athlete 01,Countermovement Jump,2026-05-11,08:26:00,895.2,0.4786,64.42,3665,0.815,319.1,-0.3509,3.064,6691,2348,2116,3.6,1.4
Demo Athlete 02,Countermovement Jump,2026-05-11,07:29:00,926.7,0.4951,65.61,3966,0.907,330.6,-0.3560,3.117,7032,2504,2215,7.6,-1.5
Demo Athlete 07,Countermovement Jump,2026-05-11,09:45:00,895.3,0.5016,65.38,4353,0.875,334.6,-0.3549,3.137,7057,2504,2161,2.3,0.7
Demo Athlete 08,Countermovement Jump,2026-05-11,09:14:00,1026.0,0.4691,63.12,4517,0.977,366.7,-0.3286,3.034,8921,2932,2491,-2.7,0.4
Demo Athlete 11,Countermovement Jump,2026-05-11,08:23:00,958.1,0.4172,59.83,3784,0.912,323.4,-0.3441,2.861,7095,2441,2120,0.7,5.6
Demo Athlete 12,Countermovement Jump,2026-05-11,07:53:00,1000.3,0.3765,57.46,3164,0.723,319.1,-0.4095,2.718,5159,2113,1920,-4.0,-1.6
Demo Athlete 13,Countermovement Jump,2026-05-11,08:38:00,1025.4,0.4246,60.13,4637,0.778,350.2,-0.3450,2.886,7422,2561,2287,12.2,2.1
Demo Athlete 15,Countermovement Jump,2026-05-11,09:32:00,970.6,0.5457,67.88,5772,0.656,368.7,-0.3825,3.272,7256,2775,2355,0.7,0.4
Demo Athlete 20,Countermovement Jump,2026-05-11,08:40:00,813.1,0.3712,56.42,2815,0.879,253.8,-0.2998,2.699,6786,2034,1820,28.0,20.9
Demo Athlete 03,Countermovement Jump,2026-05-12,10:03:00,937.5,0.3970,58.15,3986,0.747,303.7,-0.3043,2.791,7920,2410,2161,-1.1,1.5
Demo Athlete 05,Countermovement Jump,2026-05-12,10:24:00,805.9,0.4383,61.48,4702,0.742,275.3,-0.2901,2.933,7920,2298,2023,-0.7,0.6
Demo Athlete 09,Countermovement Jump,2026-05-12,10:35:00,1030.4,0.4345,60.92,4015,0.887,354.4,-0.3258,2.920,8437,2748,2405,4.1,-2.0
Demo Athlete 04,Countermovement Jump,2026-05-13,10:26:00,855.3,0.5465,68.47,3058,1.018,326.0,-0.3814,3.275,6119,2334,2081,3.5,-0.7
Demo Athlete 14,Countermovement Jump,2026-05-13,08:07:00,927.5,0.5400,67.77,4588,0.918,344.8,-0.2884,3.255,10227,2949,2664,0.8,0.2
Demo Athlete 01,Countermovement Jump,2026-05-18,08:14:00,899.8,0.4918,65.75,4725,0.780,330.4,-0.3177,3.106,8009,2545,2293,3.1,4.5
Demo Athlete 02,Countermovement Jump,2026-05-18,09:01:00,926.1,0.4814,64.85,4006,0.854,326.9,-0.3580,3.073,6927,2480,2171,-0.3,-4.6
Demo Athlete 05,Countermovement Jump,2026-05-18,08:43:00,809.0,0.4790,63.66,4732,0.712,291.5,-0.3253,3.066,6854,2230,2000,4.2,2.7
Demo Athlete 06,Countermovement Jump,2026-05-18,07:20:00,975.1,0.4307,61.36,4249,0.819,338.0,-0.3075,2.907,8716,2680,2341,2.0,1.2
Demo Athlete 07,Countermovement Jump,2026-05-18,09:21:00,893.8,0.5001,65.99,4227,0.860,327.0,-0.3614,3.132,6810,2461,2131,5.1,5.7
Demo Athlete 08,Countermovement Jump,2026-05-18,09:52:00,1032.7,0.4395,62.13,4753,0.824,355.0,-0.3423,2.937,8083,2767,2359,-7.7,-2.6
Demo Athlete 09,Countermovement Jump,2026-05-18,08:58:00,1035.2,0.4450,62.21,5381,0.666,351.7,-0.3255,2.955,8578,2792,2450,-0.9,-0.0
Demo Athlete 15,Countermovement Jump,2026-05-18,08:09:00,968.6,0.5042,66.27,4604,0.761,358.3,-0.3680,3.145,6943,2555,2296,-2.6,-1.1
Demo Athlete 11,Countermovement Jump,2026-05-19,08:31:00,957.2,0.4129,59.64,3797,0.865,324.4,-0.3371,2.846,7390,2491,2130,9.3,6.6
Demo Athlete 12,Countermovement Jump,2026-05-19,09:01:00,997.2,0.3651,56.42,3635,0.764,311.0,-0.3816,2.676,5879,2244,1951,-3.2,-3.8
Demo Athlete 14,Countermovement Jump,2026-05-19,07:00:00,921.1,0.5400,68.36,5053,0.837,357.8,-0.3122,3.255,9092,2839,2514,-5.9,3.4
Demo Athlete 16,Countermovement Jump,2026-05-19,08:41:00,949.8,0.5155,66.22,6175,0.740,351.9,-0.2924,3.180,10129,2962,2624,2.6,-2.2
Demo Athlete 18,Countermovement Jump,2026-05-19,07:52:00,797.0,0.4067,59.59,3154,0.807,268.6,-0.3390,2.825,6064,2056,1753,21.8,18.3
Demo Athlete 03,Countermovement Jump,2026-05-20,08:13:00,943.8,0.3824,57.29,4534,0.766,307.7,-0.2974,2.739,8146,2423,2157,2.1,-1.6
Demo Athlete 10,Countermovement Jump,2026-05-20,08:02:00,819.0,0.5199,66.61,4097,0.808,310.8,-0.3633,3.194,6337,2302,1991,0.3,-3.4
Demo Athlete 13,Countermovement Jump,2026-05-20,09:12:00,1023.6,0.4312,61.24,5987,0.666,352.1,-0.3337,2.909,8145,2718,2346,8.8,6.3
Demo Athlete 17,Countermovement Jump,2026-05-20,08:06:00,1018.0,0.3379,54.21,3790,0.820,310.3,-0.3254,2.575,7513,2445,2075,13.6,4.4
Demo Athlete 01,Countermovement Jump,2026-05-25,09:52:00,906.4,0.4789,64.74,5100,0.782,327.3,-0.3102,3.065,8362,2594,2306,11.0,7.5
Demo Athlete 04,Countermovement Jump,2026-05-25,08:45:00,847.4,0.5463,68.35,4532,0.896,319.2,-0.3538,3.274,7151,2530,2156,3.4,5.1
Demo Athlete 09,Countermovement Jump,2026-05-25,08:52:00,1027.8,0.4535,63.14,4443,0.917,367.7,-0.3202,2.983,8648,2769,2484,1.9,-1.2
Demo Athlete 10,Countermovement Jump,2026-05-25,09:48:00,819.3,0.5076,65.41,3266,0.953,303.0,-0.3425,3.156,6624,2269,2034,-4.1,1.1
Demo Athlete 11,Countermovement Jump,2026-05-25,08:05:00,955.4,0.4336,61.23,3500,1.004,327.3,-0.2973,2.917,8842,2628,2349,9.2,8.5
Demo Athlete 12,Countermovement Jump,2026-05-25,08:52:00,999.7,0.3658,56.18,3459,0.785,313.9,-0.3896,2.679,5496,2141,1938,-4.5,-1.6
Demo Athlete 13,Countermovement Jump,2026-05-25,07:00:00,1017.3,0.4217,59.89,7230,0.616,341.6,-0.2828,2.876,10488,2966,2534,0.6,7.0
Demo Athlete 15,Countermovement Jump,2026-05-25,08:40:00,958.9,0.5277,66.67,5584,0.626,365.2,-0.3642,3.218,7148,2603,2348,-2.4,-0.9
Demo Athlete 19,Countermovement Jump,2026-05-25,08:34:00,947.3,0.3738,56.73,3582,0.779,303.4,-0.3670,2.708,6101,2239,1912,23.9,28.4
Demo Athlete 02,Countermovement Jump,2026-05-26,08:45:00,926.1,0.4951,64.63,4053,0.890,342.7,-0.3745,3.117,6432,2409,2150,-7.7,-6.0
Demo Athlete 03,Countermovement Jump,2026-05-26,08:16:00,943.7,0.3927,57.97,3463,0.862,315.0,-0.3120,2.776,7731,2412,2132,-4.6,-1.5
Demo Athlete 06,Countermovement Jump,2026-05-26,10:47:00,961.9,0.4241,60.80,3877,0.818,325.3,-0.3221,2.885,7888,2541,2228,5.2,2.2
Demo Athlete 05,Countermovement Jump,2026-05-27,07:31:00,808.4,0.4518,62.00,4844,0.736,282.0,-0.2797,2.977,8610,2408,2114,4.9,-1.3
Demo Athlete 07,Countermovement Jump,2026-05-27,09:42:00,898.0,0.5082,66.85,4082,0.979,334.2,-0.3222,3.158,8022,2585,2314,-0.7,5.3
Demo Athlete 08,Countermovement Jump,2026-05-27,08:01:00,1038.3,0.4305,61.21,4853,0.839,349.4,-0.3112,2.906,8896,2769,2475,-2.8,-0.0
Demo Athlete 14,Countermovement Jump,2026-05-27,09:24:00,927.0,0.5184,67.47,5197,0.845,341.7,-0.3023,3.189,9425,2849,2516,5.4,-3.3
Demo Athlete 16,Countermovement Jump,2026-05-27,07:00:00,950.7,0.5129,67.16,6185,0.694,345.6,-0.2878,3.172,10433,3002,2645,1.7,1.8
Demo Athlete 01,Countermovement Jump,2026-06-01,10:57:00,901.9,0.4855,64.61,4437,0.735,334.4,-0.3212,3.086,8127,2611,2265,12.1,8.1
Demo Athlete 03,Countermovement Jump,2026-06-01,10:30:00,942.3,0.3883,57.40,3721,0.942,299.6,-0.3233,2.760,7461,2412,2074,-4.0,-3.2
Demo Athlete 06,Countermovement Jump,2026-06-01,07:28:00,961.2,0.4345,60.95,4687,0.782,323.2,-0.3241,2.920,8060,2612,2250,5.0,1.1
Demo Athlete 11,Countermovement Jump,2026-06-01,08:34:00,954.0,0.4173,60.58,4130,0.833,321.1,-0.3335,2.861,7374,2459,2148,13.0,6.8
Demo Athlete 12,Countermovement Jump,2026-06-01,08:30:00,995.0,0.3594,55.20,4396,0.683,304.2,-0.3582,2.655,6217,2227,1993,3.0,2.0
Demo Athlete 17,Countermovement Jump,2026-06-01,09:26:00,1020.1,0.3512,54.79,3392,0.805,321.7,-0.3178,2.625,7463,2372,2147,8.1,4.8
Demo Athlete 18,Countermovement Jump,2026-06-01,10:54:00,788.4,0.4164,59.70,3509,0.804,269.4,-0.3207,2.858,6656,2134,1812,15.8,15.2
Demo Athlete 04,Countermovement Jump,2026-06-02,09:25:00,846.3,0.5361,68.06,5386,0.776,318.2,-0.3355,3.243,7634,2561,2199,3.2,3.0
Demo Athlete 05,Countermovement Jump,2026-06-02,10:47:00,805.9,0.4826,63.99,5440,0.771,292.8,-0.2598,3.077,10002,2599,2303,7.0,-0.1
Demo Athlete 08,Countermovement Jump,2026-06-02,09:03:00,1040.5,0.4388,60.90,4537,0.824,359.3,-0.3242,2.934,8797,2853,2448,-2.6,-1.5
Demo Athlete 16,Countermovement Jump,2026-06-02,07:50:00,961.2,0.5344,68.62,6436,0.760,364.0,-0.2727,3.238,11626,3170,2845,-6.8,-3.5
Demo Athlete 02,Countermovement Jump,2026-06-03,07:37:00,924.9,0.5099,65.54,4674,0.854,339.6,-0.3371,3.163,7713,2600,2324,-3.6,-1.9
Demo Athlete 07,Countermovement Jump,2026-06-03,10:53:00,889.2,0.4997,65.95,3237,0.920,320.0,-0.3894,3.131,5912,2302,2030,1.2,11.2
Demo Athlete 09,Countermovement Jump,2026-06-03,10:08:00,1036.7,0.4519,61.81,3980,0.859,368.5,-0.3509,2.978,7619,2674,2372,-5.3,0.4
Demo Athlete 14,Countermovement Jump,2026-06-03,10:04:00,931.5,0.5211,66.28,4353,0.920,350.6,-0.3273,3.197,8592,2812,2414,1.8,-1.3
Demo Athlete 15,Countermovement Jump,2026-06-03,10:56:00,970.3,0.5081,66.29,5021,0.773,356.1,-0.3845,3.157,6699,2576,2253,-7.2,2.1
Demo Athlete 01,Countermovement Jump,2026-06-08,10:37:00,907.8,0.4473,61.87,3767,0.893,321.2,-0.2948,2.962,8876,2616,2285,8.4,11.1
Demo Athlete 03,Countermovement Jump,2026-06-08,08:46:00,942.2,0.3683,56.96,4062,0.881,293.6,-0.2780,2.688,9041,2513,2190,-1.9,-4.1
Demo Athlete 04,Countermovement Jump,2026-06-08,08:31:00,851.1,0.5256,67.60,3552,0.909,327.8,-0.3657,3.211,6566,2401,2074,8.6,1.3
Demo Athlete 10,Countermovement Jump,2026-06-08,08:34:00,824.1,0.5071,65.98,4915,0.731,310.4,-0.3380,3.154,6887,2328,2061,6.7,1.8
Demo Athlete 14,Countermovement Jump,2026-06-08,08:09:00,925.2,0.5072,65.48,5512,0.849,337.2,-0.2809,3.155,10864,3052,2595,1.3,0.1
Demo Athlete 15,Countermovement Jump,2026-06-08,10:37:00,968.0,0.5195,66.53,4987,0.715,365.7,-0.3660,3.193,7174,2626,2342,-0.5,-0.5
Demo Athlete 08,Countermovement Jump,2026-06-09,07:39:00,1023.0,0.4469,61.59,4386,0.787,353.6,-0.3455,2.961,7525,2600,2346,0.7,-0.1
Demo Athlete 09,Countermovement Jump,2026-06-09,08:55:00,1028.7,0.4375,61.96,4641,0.761,347.5,-0.3915,2.930,6365,2492,2178,6.4,-1.3
Demo Athlete 11,Countermovement Jump,2026-06-09,09:52:00,955.7,0.4136,59.05,3878,0.965,311.1,-0.3172,2.849,7865,2495,2202,5.5,2.9
Demo Athlete 12,Countermovement Jump,2026-06-09,09:28:00,997.8,0.3674,56.03,3491,0.722,310.5,-0.3680,2.685,5971,2197,1994,-3.3,0.9
Demo Athlete 19,Countermovement Jump,2026-06-09,10:55:00,956.3,0.3856,57.75,2750,0.948,305.8,-0.3801,2.751,5734,2180,1927,20.3,22.0
Demo Athlete 20,Countermovement Jump,2026-06-09,09:04:00,814.6,0.4463,61.52,3414,0.955,282.2,-0.3325,2.959,6479,2155,1908,27.8,15.7
Demo Athlete 02,Countermovement Jump,2026-06-10,10:37:00,923.6,0.4901,64.56,3855,0.822,329.5,-0.3723,3.101,6339,2360,2140,-5.2,-1.0
Demo Athlete 05,Countermovement Jump,2026-06-10,08:33:00,801.6,0.4733,64.26,5234,0.661,281.7,-0.2821,3.047,8481,2393,2146,2.4,5.7
Demo Athlete 06,Countermovement Jump,2026-06-10,09:42:00,969.6,0.4361,61.12,4080,0.798,326.9,-0.3578,2.925,6682,2391,2151,5.9,5.2
Demo Athlete 07,Countermovement Jump,2026-06-10,08:39:00,891.2,0.5152,67.30,4543,0.782,327.8,-0.3540,3.179,6814,2413,2188,1.1,3.2
Demo Athlete 13,Countermovement Jump,2026-06-10,08:24:00,1015.0,0.4334,61.43,4112,0.752,350.2,-0.3618,2.916,6784,2454,2231,1.6,7.7
Demo Athlete 01,Countermovement Jump,2026-06-15,08:23:00,901.4,0.4575,62.80,3710,0.861,324.1,-0.2933,2.996,8657,2539,2308,11.1,8.9
Demo Athlete 02,Countermovement Jump,2026-06-15,07:15:00,926.9,0.4876,64.19,3677,0.879,334.4,-0.3426,3.093,7252,2484,2246,-1.3,-3.8
Demo Athlete 03,Countermovement Jump,2026-06-15,08:18:00,943.9,0.3879,57.28,4390,0.897,300.6,-0.2809,2.759,9409,2643,2248,-1.0,-2.2
Demo Athlete 08,Countermovement Jump,2026-06-15,10:18:00,1035.2,0.4505,62.54,4224,0.908,361.4,-0.3368,2.973,8408,2832,2420,0.4,0.0
Demo Athlete 09,Countermovement Jump,2026-06-15,09:59:00,1027.6,0.4485,62.49,5319,0.711,351.2,-0.3245,2.966,8815,2861,2448,-2.2,-0.5
Demo Athlete 12,Countermovement Jump,2026-06-15,09:17:00,995.2,0.3690,56.24,3766,0.714,309.5,-0.3643,2.691,6072,2212,2003,-5.0,-3.8
Demo Athlete 14,Countermovement Jump,2026-06-15,07:11:00,928.0,0.4974,65.15,5686,0.755,337.1,-0.3106,3.124,8702,2703,2414,1.3,0.8
Demo Athlete 17,Countermovement Jump,2026-06-15,08:44:00,1019.2,0.3490,55.40,3041,0.891,314.0,-0.3655,2.617,6334,2315,1992,6.5,1.1
Demo Athlete 11,Countermovement Jump,2026-06-16,10:20:00,954.2,0.4390,61.95,4335,0.846,325.2,-0.3247,2.935,7782,2527,2244,-2.2,9.3
Demo Athlete 13,Countermovement Jump,2026-06-16,09:36:00,1023.6,0.4485,61.58,4229,0.733,356.7,-0.3671,2.966,6948,2550,2274,4.4,4.2
Demo Athlete 04,Countermovement Jump,2026-06-17,09:27:00,847.5,0.5365,68.27,4298,0.818,320.4,-0.3539,3.244,7065,2500,2132,3.5,3.4
Demo Athlete 06,Countermovement Jump,2026-06-17,07:39:00,964.7,0.4247,60.58,4376,0.823,322.6,-0.2941,2.887,9311,2738,2358,4.7,5.8
Demo Athlete 10,Countermovement Jump,2026-06-17,09:03:00,815.2,0.5021,66.49,3602,0.815,303.1,-0.3602,3.139,6132,2209,1952,1.7,-0.6
Demo Athlete 16,Countermovement Jump,2026-06-17,09:04:00,957.1,0.5294,68.26,5852,0.728,363.6,-0.3110,3.223,9151,2846,2586,-7.7,-0.8
Demo Athlete 18,Countermovement Jump,2026-06-17,09:45:00,797.1,0.4349,61.27,2879,0.815,268.9,-0.4162,2.921,4592,1911,1630,8.2,14.1
Demo Athlete 01,Countermovement Jump,2026-06-22,09:33:00,898.8,0.4399,61.83,4090,0.806,315.2,-0.3050,2.938,8435,2573,2195,12.5,10.0
Demo Athlete 03,Countermovement Jump,2026-06-22,08:31:00,945.1,0.3864,58.35,4316,0.912,297.3,-0.2835,2.753,9077,2573,2233,0.0,-0.3
Demo Athlete 04,Countermovement Jump,2026-06-22,10:29:00,847.1,0.5295,67.44,4390,0.755,323.9,-0.3736,3.223,6416,2397,2048,-6.4,5.5
Demo Athlete 06,Countermovement Jump,2026-06-22,07:02:00,970.3,0.4037,59.50,5044,0.778,322.0,-0.2855,2.814,9627,2749,2342,0.6,6.0
Demo Athlete 08,Countermovement Jump,2026-06-22,08:16:00,1039.6,0.4600,62.33,4867,0.889,365.8,-0.3008,3.004,10024,3015,2629,3.5,-0.6
Demo Athlete 13,Countermovement Jump,2026-06-22,09:27:00,1019.1,0.4203,60.36,4733,0.686,336.2,-0.3521,2.872,7040,2479,2236,6.1,7.8
Demo Athlete 14,Countermovement Jump,2026-06-22,08:36:00,923.6,0.5086,65.97,5158,0.843,338.3,-0.3159,3.159,8726,2756,2411,1.4,-3.5
Demo Athlete 15,Countermovement Jump,2026-06-22,08:18:00,967.7,0.5094,65.84,5528,0.703,364.1,-0.3707,3.161,7239,2684,2297,1.6,-0.3
Demo Athlete 19,Countermovement Jump,2026-06-22,08:39:00,946.2,0.4105,59.07,2824,1.070,314.8,-0.3958,2.838,5565,2203,1927,12.5,14.1
Demo Athlete 02,Countermovement Jump,2026-06-23,09:35:00,924.6,0.4809,64.67,4072,0.909,324.9,-0.3505,3.072,7011,2457,2193,0.1,-1.0
Demo Athlete 05,Countermovement Jump,2026-06-23,07:30:00,810.8,0.4728,63.36,4917,0.735,291.3,-0.3076,3.046,7594,2336,2057,1.0,4.1
Demo Athlete 07,Countermovement Jump,2026-06-23,10:47:00,898.6,0.5066,66.42,3083,0.956,325.6,-0.3761,3.153,6291,2366,2109,0.5,4.3
Demo Athlete 09,Countermovement Jump,2026-06-23,10:09:00,1025.7,0.4462,61.93,5196,0.784,350.0,-0.3447,2.959,7961,2744,2353,3.9,0.3
Demo Athlete 10,Countermovement Jump,2026-06-23,07:27:00,821.1,0.4901,65.24,3893,0.822,297.3,-0.3372,3.101,6763,2280,2015,2.5,-0.8
Demo Athlete 20,Countermovement Jump,2026-06-23,09:32:00,811.7,0.4504,61.81,3718,0.949,280.6,-0.2805,2.973,8358,2344,2115,15.3,17.0
Demo Athlete 11,Countermovement Jump,2026-06-24,08:20:00,952.6,0.4022,59.15,4039,0.802,318.6,-0.3272,2.809,7321,2396,2123,3.2,2.8
Demo Athlete 16,Countermovement Jump,2026-06-24,07:50:00,947.6,0.5171,66.38,4996,0.866,347.1,-0.2729,3.185,11266,3075,2743,-0.0,-3.2
Demo Athlete 01,Countermovement Jump,2026-06-29,08:18:00,905.3,0.4265,60.33,3370,0.829,307.7,-0.3154,2.893,7504,2367,2130,14.5,12.0
Demo Athlete 04,Countermovement Jump,2026-06-29,08:13:00,847.7,0.5371,68.12,3846,0.894,321.8,-0.3557,3.246,6855,2438,2128,2.6,7.6
Demo Athlete 06,Countermovement Jump,2026-06-29,07:19:00,972.2,0.4229,60.22,5648,0.682,329.1,-0.2948,2.880,9182,2707,2367,1.8,5.1
Demo Athlete 07,Countermovement Jump,2026-06-29,10:39:00,891.6,0.4678,62.75,3538,0.882,317.5,-0.3857,3.029,5696,2197,1973,4.7,0.4
Demo Athlete 12,Countermovement Jump,2026-06-29,10:33:00,997.4,0.3691,57.04,3784,0.636,320.6,-0.4081,2.691,5314,2169,1900,4.0,3.1
Demo Athlete 14,Countermovement Jump,2026-06-29,08:02:00,922.5,0.5110,67.03,4529,0.896,346.6,-0.3138,3.166,8603,2700,2425,-3.0,1.7
Demo Athlete 17,Countermovement Jump,2026-06-29,09:35:00,1008.1,0.3732,57.02,3709,0.858,312.4,-0.3108,2.706,8164,2538,2219,0.1,0.2
Demo Athlete 18,Countermovement Jump,2026-06-29,07:55:00,800.2,0.4477,62.64,4005,0.673,274.4,-0.3323,2.964,6392,2124,1878,7.4,7.6
Demo Athlete 02,Countermovement Jump,2026-06-30,07:18:00,937.7,0.4790,64.84,5501,0.723,345.0,-0.3386,3.066,7632,2584,2264,6.0,2.6
Demo Athlete 08,Countermovement Jump,2026-06-30,07:57:00,1041.5,0.4521,61.98,4570,0.811,355.7,-0.3184,2.978,9016,2871,2520,-4.1,-3.8
Demo Athlete 11,Countermovement Jump,2026-06-30,09:07:00,959.4,0.4335,61.36,3963,0.818,320.4,-0.3220,2.916,7907,2546,2251,6.4,1.5
Demo Athlete 16,Countermovement Jump,2026-06-30,09:18:00,946.9,0.5109,66.68,5988,0.762,360.4,-0.2795,3.166,11145,3116,2677,-0.6,-2.6
Demo Athlete 09,Countermovement Jump,2026-07-01,09:33:00,1031.3,0.4448,61.65,4580,0.764,350.2,-0.3865,2.954,6617,2557,2218,7.5,3.6
Demo Athlete 10,Countermovement Jump,2026-07-01,08:54:00,815.7,0.4989,64.91,4721,0.749,302.1,-0.3530,3.129,6505,2296,1968,-4.8,1.7
Demo Athlete 15,Countermovement Jump,2026-07-01,10:00:00,969.8,0.4992,64.99,4791,0.735,348.6,-0.3725,3.130,6857,2554,2269,0.3,-1.4
Demo Athlete 01,Countermovement Jump,2026-07-06,09:10:00,898.1,0.4381,61.39,3353,0.829,310.4,-0.3186,2.932,7763,2474,2133,18.0,10.2
Demo Athlete 02,Countermovement Jump,2026-07-06,09:52:00,924.4,0.4881,64.91,4117,0.831,338.9,-0.3479,3.095,7495,2608,2221,-1.1,1.8
Demo Athlete 04,Countermovement Jump,2026-07-06,08:29:00,841.7,0.5500,68.47,4215,0.885,320.4,-0.3556,3.285,6997,2488,2144,-1.0,5.8
Demo Athlete 07,Countermovement Jump,2026-07-06,08:07:00,899.5,0.4819,65.12,3284,0.933,322.8,-0.3614,3.075,6589,2381,2099,4.7,-0.9
Demo Athlete 10,Countermovement Jump,2026-07-06,07:57:00,821.6,0.4847,65.32,3861,0.883,304.3,-0.3190,3.084,7253,2314,2070,-4.2,-2.9
Demo Athlete 12,Countermovement Jump,2026-07-06,09:14:00,1001.0,0.3683,56.00,4103,0.708,307.6,-0.3775,2.688,6143,2319,1978,-4.5,-3.0
Demo Athlete 13,Countermovement Jump,2026-07-06,07:47:00,1022.2,0.4257,59.85,4810,0.687,349.6,-0.3643,2.890,6926,2523,2217,0.1,2.8
Demo Athlete 14,Countermovement Jump,2026-07-06,09:19:00,925.9,0.5126,66.43,5717,0.842,351.9,-0.2968,3.171,10008,2971,2525,2.6,-2.0
Demo Athlete 15,Countermovement Jump,2026-07-06,07:19:00,965.4,0.5378,68.85,5697,0.671,367.5,-0.3652,3.248,7284,2660,2387,-2.5,2.2
Demo Athlete 16,Countermovement Jump,2026-07-06,08:22:00,947.2,0.5244,66.59,7447,0.695,347.3,-0.2480,3.208,13445,3335,2950,0.9,-4.6
Demo Athlete 19,Countermovement Jump,2026-07-06,07:08:00,955.2,0.4011,59.10,2875,0.972,320.2,-0.3661,2.805,6208,2273,2002,8.5,12.3
Demo Athlete 05,Countermovement Jump,2026-07-07,09:12:00,806.1,0.4588,62.97,5578,0.722,284.7,-0.2819,3.000,8850,2495,2118,-2.1,2.0
Demo Athlete 08,Countermovement Jump,2026-07-07,10:41:00,1036.9,0.4321,61.63,4626,0.843,356.7,-0.3018,2.912,9208,2779,2521,-4.4,-3.1
Demo Athlete 09,Countermovement Jump,2026-07-07,10:00:00,1025.1,0.4242,59.90,3760,0.912,340.2,-0.3371,2.885,7590,2559,2315,5.3,2.2
Demo Athlete 11,Countermovement Jump,2026-07-07,10:45:00,961.2,0.4130,60.31,4071,0.847,320.5,-0.3163,2.847,8183,2588,2216,6.4,3.4
Demo Athlete 20,Countermovement Jump,2026-07-07,09:01:00,824.2,0.4554,62.17,4452,0.870,289.9,-0.3065,2.989,7883,2416,2049,11.6,9.3
Demo Athlete 06,Countermovement Jump,2026-07-08,08:22:00,975.9,0.4236,60.37,3784,0.907,328.5,-0.3001,2.883,8847,2655,2354,5.3,6.3
Demo Athlete 01,Countermovement Jump,2026-07-13,08:13:00,902.3,0.4375,61.68,3173,0.870,312.6,-0.3028,2.930,8030,2432,2206,13.9,11.2
Demo Athlete 03,Countermovement Jump,2026-07-13,09:40:00,950.5,0.3931,58.39,4468,0.819,302.4,-0.2996,2.777,8470,2538,2198,-10.0,-3.6
Demo Athlete 05,Countermovement Jump,2026-07-13,09:12:00,817.2,0.4618,62.49,4454,0.827,285.7,-0.2799,3.010,9120,2553,2165,-1.3,2.0
Demo Athlete 06,Countermovement Jump,2026-07-13,09:44:00,965.7,0.4280,60.47,4664,0.697,323.5,-0.3192,2.898,8023,2561,2261,9.7,3.4
Demo Athlete 08,Countermovement Jump,2026-07-13,07:07:00,1038.8,0.4367,61.04,4025,0.812,360.8,-0.3463,2.927,7463,2584,2349,-7.7,-7.5
Demo Athlete 11,Countermovement Jump,2026-07-13,08:54:00,955.5,0.4120,58.94,3663,0.909,319.3,-0.3133,2.843,7988,2502,2212,5.7,5.9
Demo Athlete 13,Countermovement Jump,2026-07-13,08:46:00,1019.1,0.4056,58.48,4180,0.785,342.3,-0.3494,2.821,7011,2450,2202,7.3,4.8
Demo Athlete 14,Countermovement Jump,2026-07-13,07:39:00,932.4,0.5126,66.79,4631,0.802,344.0,-0.3214,3.171,8459,2718,2420,-3.9,-0.7
Demo Athlete 15,Countermovement Jump,2026-07-13,07:28:00,966.3,0.4988,65.19,4749,0.680,362.4,-0.3856,3.128,6630,2557,2216,-0.5,-2.5
Demo Athlete 18,Countermovement Jump,2026-07-13,08:27:00,792.7,0.4325,61.52,4601,0.658,272.5,-0.3463,2.913,6026,2087,1783,8.6,6.5
Demo Athlete 02,Countermovement Jump,2026-07-14,08:25:00,925.2,0.4981,65.68,4174,0.853,338.0,-0.3572,3.126,7028,2510,2215,-3.5,-2.1
Demo Athlete 04,Countermovement Jump,2026-07-14,07:26:00,845.8,0.5377,68.01,4354,0.854,329.0,-0.3654,3.248,6484,2370,2090,6.9,6.2
Demo Athlete 07,Countermovement Jump,2026-07-14,07:14:00,900.1,0.5142,66.87,4457,0.841,326.5,-0.3598,3.176,6909,2486,2187,6.3,-0.7
Demo Athlete 09,Countermovement Jump,2026-07-14,09:54:00,1029.7,0.4342,60.84,4121,0.848,344.6,-0.3508,2.919,7416,2602,2304,0.5,1.5
Demo Athlete 12,Countermovement Jump,2026-07-15,07:08:00,1005.3,0.3562,54.98,4165,0.737,314.7,-0.3660,2.644,6260,2291,1984,4.0,-1.8
Demo Athlete 16,Countermovement Jump,2026-07-15,10:57:00,952.9,0.4900,64.72,5407,0.837,353.8,-0.2958,3.101,9678,2863,2531,-7.7,-2.9
Demo Athlete 17,Countermovement Jump,2026-07-15,07:10:00,1009.3,0.3509,55.24,3967,0.800,311.4,-0.3224,2.624,7616,2455,2108,-1.2,3.6
Demo Athlete 01,Countermovement Jump,2026-07-20,09:58:00,896.0,0.4370,60.72,3218,0.868,313.0,-0.3070,2.928,7965,2445,2172,12.1,11.8
Demo Athlete 02,Countermovement Jump,2026-07-20,08:11:00,923.6,0.4864,64.32,3881,0.895,334.7,-0.3842,3.089,6419,2466,2093,-0.1,-2.3
Demo Athlete 04,Countermovement Jump,2026-07-20,08:15:00,843.0,0.5326,66.97,3138,0.930,324.5,-0.4086,3.233,5323,2175,1942,7.4,2.3
Demo Athlete 06,Countermovement Jump,2026-07-20,10:31:00,956.4,0.4405,61.51,4323,0.807,323.0,-0.3263,2.940,7677,2505,2248,2.3,8.8
Demo Athlete 11,Countermovement Jump,2026-07-20,09:48:00,953.1,0.4110,59.99,3788,0.868,322.4,-0.3226,2.840,7779,2510,2167,2.8,6.8
Demo Athlete 13,Countermovement Jump,2026-07-20,08:33:00,1022.9,0.4250,60.89,4795,0.720,338.9,-0.3243,2.888,8105,2628,2364,0.3,2.1
Demo Athlete 14,Countermovement Jump,2026-07-20,07:20:00,934.9,0.5092,66.73,4511,0.887,348.8,-0.2963,3.161,9485,2810,2542,-1.7,-0.2
Demo Athlete 19,Countermovement Jump,2026-07-20,10:02:00,949.1,0.4407,60.91,3335,0.936,324.1,-0.4183,2.940,5401,2259,1949,8.0,6.3
Demo Athlete 09,Countermovement Jump,2026-07-21,08:12:00,1019.1,0.4226,60.66,3566,0.891,345.1,-0.3678,2.879,6917,2544,2190,-0.5,5.8
Demo Athlete 03,Countermovement Jump,2026-07-22,09:25:00,933.4,0.3842,56.90,4614,0.748,307.2,-0.2933,2.745,8549,2507,2156,-3.4,3.1
Demo Athlete 05,Countermovement Jump,2026-07-22,09:56:00,808.9,0.4480,61.51,4382,0.724,275.8,-0.3051,2.965,7359,2245,1997,1.6,3.1
Demo Athlete 07,Countermovement Jump,2026-07-22,08:18:00,887.4,0.4927,65.84,3783,0.897,318.2,-0.3551,3.109,6754,2398,2119,8.7,1.2
Demo Athlete 10,Countermovement Jump,2026-07-22,07:10:00,821.3,0.4848,65.16,3478,0.844,293.1,-0.3483,3.084,6281,2188,1965,0.8,-0.2
Demo Athlete 12,Countermovement Jump,2026-07-22,07:55:00,995.9,0.3668,56.36,4355,0.673,312.3,-0.3524,2.683,6584,2321,2032,-2.8,1.8
Demo Athlete 16,Countermovement Jump,2026-07-22,10:59:00,955.0,0.5224,67.79,5823,0.735,361.5,-0.3173,3.201,9313,2955,2527,0.8,-1.1
Demo Athlete 20,Countermovement Jump,2026-07-22,08:14:00,825.4,0.4737,63.85,4018,0.836,293.8,-0.3183,3.049,7219,2298,2054,11.3,10.1
Demo Athlete 01,Countermovement Jump,2026-07-27,08:48:00,896.3,0.4523,61.76,4160,0.875,310.5,-0.3140,2.979,8118,2549,2187,14.5,8.2
Demo Athlete 02,Countermovement Jump,2026-07-27,08:15:00,930.3,0.5032,66.52,3972,0.900,339.8,-0.3803,3.142,6537,2486,2161,-0.9,-1.1
Demo Athlete 08,Countermovement Jump,2026-07-27,08:13:00,1037.8,0.4475,61.62,4076,0.879,358.5,-0.3380,2.963,8019,2710,2412,-1.6,-5.2
Demo Athlete 13,Countermovement Jump,2026-07-27,09:57:00,1019.9,0.4218,59.82,5057,0.587,338.5,-0.3699,2.877,6520,2412,2183,4.7,8.3
Demo Athlete 15,Countermovement Jump,2026-07-27,09:35:00,979.4,0.5222,66.71,5744,0.722,365.0,-0.3759,3.201,7212,2711,2340,-1.2,-1.4
Demo Athlete 16,Countermovement Jump,2026-07-27,10:04:00,957.5,0.5095,66.55,5494,0.798,354.3,-0.3053,3.162,9847,3006,2556,3.8,-1.6
Demo Athlete 03,Countermovement Jump,2026-07-28,08:11:00,945.2,0.3862,57.92,3728,0.905,304.4,-0.3201,2.753,7276,2329,2086,2.1,-1.6
Demo Athlete 06,Countermovement Jump,2026-07-28,07:40:00,957.6,0.4158,59.58,5878,0.732,316.7,-0.2841,2.856,9669,2747,2359,4.9,1.5
Demo Athlete 09,Countermovement Jump,2026-07-28,08:32:00,1039.7,0.4400,61.04,4668,0.800,361.0,-0.3222,2.938,8397,2706,2460,-3.9,0.4
Demo Athlete 11,Countermovement Jump,2026-07-28,10:39:00,956.6,0.4139,59.88,3804,0.812,325.5,-0.3234,2.850,7473,2417,2181,7.6,3.4
Demo Athlete 12,Countermovement Jump,2026-07-28,08:17:00,995.4,0.3716,56.50,3469,0.732,311.5,-0.3606,2.700,6214,2241,2021,-1.6,-4.2
Demo Athlete 18,Countermovement Jump,2026-07-28,08:21:00,803.4,0.4254,60.69,3560,0.831,269.0,-0.3556,2.889,5709,2030,1765,8.0,8.0
Demo Athlete 04,Countermovement Jump,2026-07-29,09:01:00,849.4,0.5338,67.27,4340,0.799,314.2,-0.3632,3.236,6717,2440,2098,0.1,0.8
Demo Athlete 07,Countermovement Jump,2026-07-29,09:56:00,888.5,0.5212,67.58,4132,0.943,334.6,-0.3371,3.198,7491,2526,2262,4.5,1.6
Demo Athlete 10,Countermovement Jump,2026-07-29,08:13:00,816.2,0.5050,65.30,4563,0.837,306.5,-0.3354,3.148,7095,2380,2045,-2.8,-5.4
Demo Athlete 14,Countermovement Jump,2026-07-29,08:55:00,925.9,0.5165,66.48,5346,0.908,346.3,-0.2827,3.183,10799,3053,2618,-6.3,0.6
Demo Athlete 17,Countermovement Jump,2026-07-29,10:34:00,1023.4,0.3757,57.26,4328,0.750,322.0,-0.2992,2.715,8784,2628,2308,-0.8,1.0
Demo Athlete 01,Countermovement Jump,2026-08-03,10:58:00,901.0,0.4587,62.84,4628,0.825,319.4,-0.2979,3.000,8649,2576,2288,5.4,7.5
Demo Athlete 02,Countermovement Jump,2026-08-03,07:15:00,930.7,0.4811,63.64,5669,0.745,326.6,-0.2927,3.072,9367,2742,2460,-5.0,-2.5
Demo Athlete 03,Countermovement Jump,2026-08-03,08:38:00,944.5,0.3748,56.72,3371,0.912,299.2,-0.3142,2.712,7477,2349,2071,-4.5,-0.1
Demo Athlete 05,Countermovement Jump,2026-08-03,08:53:00,810.1,0.4805,64.76,3935,0.846,284.6,-0.2851,3.070,8402,2396,2176,3.9,5.1
Demo Athlete 06,Countermovement Jump,2026-08-03,09:12:00,966.1,0.4209,60.28,4723,0.718,321.8,-0.3290,2.874,7797,2566,2202,3.3,3.2
Demo Athlete 08,Countermovement Jump,2026-08-03,09:18:00,1024.8,0.4390,60.87,4108,0.929,344.3,-0.3377,2.935,8121,2742,2357,-4.3,-3.1
Demo Athlete 10,Countermovement Jump,2026-08-03,08:37:00,816.7,0.5108,66.78,3754,0.873,308.7,-0.3313,3.166,7126,2361,2076,0.2,2.3
Demo Athlete 11,Countermovement Jump,2026-08-03,10:02:00,953.3,0.4239,60.71,3444,0.816,327.1,-0.3405,2.884,6927,2358,2140,8.1,5.1
Demo Athlete 12,Countermovement Jump,2026-08-03,10:01:00,998.7,0.3681,56.69,3931,0.712,322.2,-0.3498,2.687,6617,2315,2050,-4.5,2.4
Demo Athlete 13,Countermovement Jump,2026-08-03,07:50:00,1019.7,0.4277,61.10,5095,0.665,353.0,-0.3277,2.897,8061,2642,2351,2.9,8.7
Demo Athlete 14,Countermovement Jump,2026-08-03,07:54:00,930.2,0.5107,66.99,5374,0.892,348.8,-0.2813,3.165,10771,3030,2619,-0.4,-1.2
Demo Athlete 15,Countermovement Jump,2026-08-03,10:35:00,969.8,0.5226,66.90,5634,0.703,364.8,-0.3701,3.202,7172,2654,2339,1.1,-2.8
Demo Athlete 19,Countermovement Jump,2026-08-03,08:27:00,953.9,0.4460,62.38,3738,0.963,338.6,-0.3508,2.958,7209,2529,2167,8.6,11.0
Demo Athlete 20,Countermovement Jump,2026-08-03,08:04:00,808.4,0.4697,63.25,4360,0.744,290.2,-0.3123,3.036,7461,2330,2024,17.2,8.9
Demo Athlete 09,Countermovement Jump,2026-08-04,10:11:00,1037.0,0.4388,61.87,4477,0.816,349.1,-0.3355,2.934,8379,2811,2393,4.4,-0.5
Demo Athlete 07,Countermovement Jump,2026-08-05,09:33:00,894.5,0.4976,65.09,3216,0.920,319.9,-0.3880,3.125,6055,2349,2042,0.7,0.7
Demo Athlete 01,Countermovement Jump,2026-08-10,08:17:00,897.5,0.4946,65.51,4437,0.829,331.9,-0.2973,3.115,9093,2703,2391,0.8,8.1
Demo Athlete 02,Countermovement Jump,2026-08-10,08:24:00,920.0,0.4787,64.06,4203,0.816,327.2,-0.3472,3.065,6998,2430,2188,-2.5,0.7
Demo Athlete 07,Countermovement Jump,2026-08-10,10:11:00,897.2,0.4739,63.63,4258,0.754,315.5,-0.3662,3.049,6531,2391,2059,3.8,1.3
Demo Athlete 08,Countermovement Jump,2026-08-10,08:20:00,1028.4,0.4463,61.31,3923,0.869,351.7,-0.3740,2.959,7003,2619,2256,-0.0,1.6
Demo Athlete 10,Countermovement Jump,2026-08-10,09:38:00,819.1,0.4798,64.41,3759,0.802,300.0,-0.3504,3.068,6382,2236,1941,-5.2,-1.2
Demo Athlete 13,Countermovement Jump,2026-08-10,07:53:00,1016.5,0.4124,59.62,5077,0.631,340.3,-0.3517,2.845,7351,2586,2208,5.3,8.4
Demo Athlete 18,Countermovement Jump,2026-08-10,07:12:00,801.7,0.4526,62.92,4033,0.709,272.9,-0.3664,2.980,5457,1999,1792,4.5,8.1
Demo Athlete 05,Countermovement Jump,2026-08-11,09:18:00,809.2,0.4634,62.57,6244,0.673,292.3,-0.2541,3.015,10256,2607,2285,5.6,4.6
Demo Athlete 06,Countermovement Jump,2026-08-11,08:18:00,957.7,0.4424,61.37,3948,0.818,337.9,-0.3377,2.946,7435,2511,2212,1.4,3.6
Demo Athlete 09,Countermovement Jump,2026-08-11,08:40:00,1033.8,0.4462,61.46,3780,0.944,361.8,-0.3602,2.959,7551,2720,2315,7.5,7.0
Demo Athlete 11,Countermovement Jump,2026-08-11,09:19:00,956.9,0.4144,59.36,4909,0.730,324.0,-0.3277,2.851,7714,2528,2167,5.8,6.0
Demo Athlete 14,Countermovement Jump,2026-08-11,07:41:00,932.7,0.5167,67.43,4495,0.878,351.7,-0.3138,3.184,8717,2735,2469,-4.4,-0.2
Demo Athlete 15,Countermovement Jump,2026-08-11,08:29:00,966.6,0.5266,67.66,3756,0.909,366.1,-0.4075,3.214,6009,2449,2216,-2.3,0.2
Demo Athlete 17,Countermovement Jump,2026-08-11,08:00:00,1023.2,0.3778,57.53,4512,0.758,333.8,-0.3355,2.722,7233,2427,2175,-0.0,2.8
Demo Athlete 03,Countermovement Jump,2026-08-12,08:14:00,941.1,0.3981,57.97,4935,0.748,305.6,-0.3125,2.795,7974,2492,2140,-3.6,-1.7
Demo Athlete 04,Countermovement Jump,2026-08-12,08:13:00,851.6,0.5329,68.07,4094,0.846,316.8,-0.3462,3.233,6964,2411,2162,7.6,3.4
Demo Athlete 01,Countermovement Jump,2026-08-17,07:35:00,905.4,0.4726,63.22,4370,0.828,324.2,-0.3470,3.045,6895,2392,2139,3.6,9.1
Demo Athlete 02,Countermovement Jump,2026-08-17,09:47:00,922.2,0.4908,64.91,4301,0.904,343.4,-0.3553,3.103,7200,2558,2196,-0.5,-3.2
Demo Athlete 03,Countermovement Jump,2026-08-17,09:21:00,947.7,0.3844,57.98,4367,0.872,308.6,-0.2988,2.746,8525,2547,2167,-0.1,-0.4
Demo Athlete 09,Countermovement Jump,2026-08-17,09:40:00,1028.4,0.4299,61.25,4584,0.849,342.3,-0.3472,2.904,7599,2638,2302,1.3,1.7
Demo Athlete 11,Countermovement Jump,2026-08-17,07:50:00,952.0,0.4104,59.34,3308,0.996,309.6,-0.2991,2.838,8544,2555,2258,12.8,5.5
Demo Athlete 12,Countermovement Jump,2026-08-17,09:46:00,998.9,0.3756,56.71,3474,0.760,315.7,-0.4185,2.715,5039,2109,1895,2.9,-2.7
Demo Athlete 15,Countermovement Jump,2026-08-17,08:43:00,966.6,0.5386,67.86,6194,0.655,373.4,-0.3498,3.251,8082,2827,2455,1.1,-0.4
Demo Athlete 16,Countermovement Jump,2026-08-17,07:25:00,951.9,0.5161,65.93,5962,0.695,355.7,-0.2889,3.182,10161,2936,2652,-2.9,-5.0
Demo Athlete 13,Countermovement Jump,2026-08-18,08:35:00,1026.6,0.4207,59.92,4491,0.808,347.8,-0.3511,2.873,7301,2564,2257,5.0,6.0
Demo Athlete 19,Countermovement Jump,2026-08-18,07:17:00,947.7,0.4657,63.36,3275,0.987,335.1,-0.3587,3.023,6807,2441,2178,5.2,3.8
Demo Athlete 04,Countermovement Jump,2026-08-19,08:05:00,849.6,0.5253,67.58,3778,0.855,313.3,-0.3780,3.210,5998,2267,2030,4.4,5.6
Demo Athlete 06,Countermovement Jump,2026-08-19,09:34:00,965.2,0.4294,61.27,4796,0.792,330.6,-0.3067,2.903,8732,2678,2316,6.2,1.3
Demo Athlete 07,Countermovement Jump,2026-08-19,08:05:00,890.9,0.4973,64.68,3616,0.889,334.3,-0.3853,3.124,6107,2353,2041,3.2,5.2
Demo Athlete 08,Countermovement Jump,2026-08-19,08:57:00,1028.1,0.4330,61.48,4132,0.902,353.1,-0.3281,2.915,8120,2664,2385,-10.3,-0.0
Demo Athlete 10,Countermovement Jump,2026-08-19,09:57:00,820.9,0.4915,64.71,4277,0.845,292.1,-0.3330,3.105,6926,2306,2033,3.7,1.3
Demo Athlete 14,Countermovement Jump,2026-08-19,10:24:00,926.9,0.5091,65.79,4430,0.885,351.9,-0.3432,3.160,7848,2693,2302,-1.2,4.1
Demo Athlete 20,Countermovement Jump,2026-08-19,09:50:00,825.2,0.4691,64.07,3763,0.965,297.6,-0.3002,3.034,7753,2327,2115,12.7,10.5
Demo Athlete 01,Countermovement Jump,2026-08-24,08:41:00,901.0,0.4668,64.08,4950,0.838,325.4,-0.3145,3.026,8354,2627,2238,4.7,8.2
Demo Athlete 03,Countermovement Jump,2026-08-24,08:51:00,942.2,0.3704,55.97,3632,0.848,300.6,-0.2879,2.696,8484,2442,2155,-0.2,-3.1
Demo Athlete 04,Countermovement Jump,2026-08-24,09:36:00,854.2,0.5190,66.27,4073,0.957,317.8,-0.3528,3.191,6959,2455,2111,1.2,2.7
Demo Athlete 06,Countermovement Jump,2026-08-24,09:55:00,968.0,0.4287,61.09,4760,0.761,331.0,-0.3082,2.900,8846,2726,2314,2.6,5.2
Demo Athlete 09,Countermovement Jump,2026-08-24,10:49:00,1029.5,0.4346,60.83,3840,0.808,344.9,-0.3798,2.920,6764,2569,2208,0.2,2.3
Demo Athlete 10,Countermovement Jump,2026-08-24,10:52:00,822.3,0.5016,65.46,3790,0.808,297.0,-0.3704,3.137,5938,2199,1936,0.9,-0.9
Demo Athlete 12,Countermovement Jump,2026-08-24,10:33:00,989.6,0.3750,56.22,4123,0.658,310.3,-0.4041,2.712,5240,2117,1908,-5.9,-5.4
Demo Athlete 14,Countermovement Jump,2026-08-24,07:25:00,931.1,0.5131,65.80,4944,0.890,354.2,-0.2989,3.173,9328,2789,2529,-4.7,-1.6
Demo Athlete 15,Countermovement Jump,2026-08-24,09:10:00,963.5,0.5156,66.14,5574,0.664,366.7,-0.3813,3.181,6883,2625,2266,-7.5,-0.3
Demo Athlete 18,Countermovement Jump,2026-08-24,08:39:00,798.7,0.4781,64.41,3843,0.773,283.5,-0.3317,3.063,6653,2207,1950,8.0,3.6
Demo Athlete 08,Countermovement Jump,2026-08-25,07:30:00,1038.4,0.4472,61.39,3822,0.920,356.0,-0.3427,2.962,7893,2705,2394,-1.2,0.2
Demo Athlete 11,Countermovement Jump,2026-08-25,07:34:00,948.2,0.4094,59.97,4507,0.911,307.7,-0.2793,2.834,9599,2681,2338,4.4,2.2
Demo Athlete 13,Countermovement Jump,2026-08-25,08:22:00,1021.9,0.3987,58.41,4809,0.676,337.2,-0.3386,2.797,7453,2523,2225,6.3,10.4
Demo Athlete 16,Countermovement Jump,2026-08-25,10:23:00,947.1,0.5023,65.68,6242,0.753,346.9,-0.2643,3.139,11936,3155,2747,-1.1,-2.6
Demo Athlete 02,Countermovement Jump,2026-08-26,10:20:00,923.3,0.5000,65.95,3354,0.925,342.5,-0.3669,3.132,6554,2405,2181,-5.6,2.8
Demo Athlete 01,Countermovement Jump,2026-08-31,09:21:00,897.1,0.5093,66.45,4827,0.751,329.6,-0.3295,3.161,7933,2614,2284,6.9,6.6
Demo Athlete 02,Countermovement Jump,2026-08-31,09:15:00,924.8,0.4967,65.46,3967,0.916,345.7,-0.3392,3.122,7502,2545,2279,-8.5,-0.9
Demo Athlete 04,Countermovement Jump,2026-08-31,07:11:00,849.3,0.5425,68.97,5017,0.774,319.0,-0.3542,3.262,6925,2453,2150,2.7,1.6
Demo Athlete 06,Countermovement Jump,2026-08-31,08:12:00,968.6,0.4340,61.35,5281,0.726,331.2,-0.3160,2.918,8489,2683,2299,3.9,1.8
Demo Athlete 11,Countermovement Jump,2026-08-31,08:27:00,956.3,0.4151,60.05,4000,0.888,323.7,-0.3174,2.854,7794,2474,2207,3.8,5.6
Demo Athlete 12,Countermovement Jump,2026-08-31,10:48:00,992.8,0.3838,58.17,4252,0.687,318.7,-0.4033,2.744,5462,2203,1938,1.5,0.3
Demo Athlete 16,Countermovement Jump,2026-08-31,07:52:00,953.8,0.5077,66.88,8166,0.648,348.0,-0.2774,3.156,11429,3171,2699,-2.1,-2.1
Demo Athlete 19,Countermovement Jump,2026-08-31,08:10:00,947.2,0.4622,63.11,3744,0.933,342.8,-0.3378,3.011,7509,2537,2243,11.5,9.5
Demo Athlete 20,Countermovement Jump,2026-08-31,08:36:00,821.0,0.4836,64.33,4596,0.798,300.8,-0.2965,3.080,8293,2459,2160,16.9,9.2
Demo Athlete 03,Countermovement Jump,2026-09-01,10:04:00,945.1,0.3891,58.27,3470,0.846,313.0,-0.3180,2.763,7420,2359,2102,-1.6,-6.0
Demo Athlete 05,Countermovement Jump,2026-09-01,09:23:00,812.2,0.4686,62.99,3851,0.803,291.6,-0.2976,3.032,7773,2313,2091,8.3,3.8
Demo Athlete 08,Countermovement Jump,2026-09-01,08:15:00,1052.8,0.4542,62.21,4167,0.796,366.8,-0.3554,2.985,7577,2693,2398,-4.7,-4.7
Demo Athlete 09,Countermovement Jump,2026-09-01,09:59:00,1034.9,0.4561,63.41,4302,0.892,364.5,-0.3540,2.992,7770,2750,2368,4.0,6.0
Demo Athlete 13,Countermovement Jump,2026-09-01,08:08:00,1018.5,0.4231,60.77,5014,0.716,348.5,-0.3309,2.881,8140,2694,2320,12.7,5.5
Demo Athlete 10,Countermovement Jump,2026-09-02,09:07:00,815.1,0.5233,66.62,4277,0.773,313.9,-0.3880,3.204,5615,2179,1914,-1.6,-0.8
Demo Athlete 14,Countermovement Jump,2026-09-02,08:29:00,928.3,0.5221,67.78,4898,0.976,350.1,-0.2925,3.201,9979,2919,2585,2.0,-0.8
Demo Athlete 01,Countermovement Jump,2026-09-07,09:44:00,910.8,0.4873,65.23,5692,0.692,334.9,-0.3109,3.092,8839,2748,2338,5.8,7.7
Demo Athlete 03,Countermovement Jump,2026-09-07,07:45:00,941.1,0.3996,58.93,3353,0.859,313.0,-0.3385,2.800,6713,2272,2052,-2.2,-2.6
Demo Athlete 09,Countermovement Jump,2026-09-07,07:49:00,1020.6,0.4408,62.21,4641,0.769,353.4,-0.3825,2.941,6765,2588,2197,4.3,-0.8
Demo Athlete 12,Countermovement Jump,2026-09-07,09:25:00,1004.1,0.3584,55.87,3624,0.711,313.3,-0.3932,2.652,5705,2243,1919,-4.1,1.5
Demo Athlete 14,Countermovement Jump,2026-09-07,09:42:00,930.2,0.5218,66.76,4385,0.916,356.7,-0.3041,3.200,9299,2828,2526,2.2,-0.7
Demo Athlete 18,Countermovement Jump,2026-09-07,07:37:00,792.0,0.4557,63.07,4210,0.678,270.9,-0.3644,2.990,5665,2064,1782,3.4,5.4
Demo Athlete 02,Countermovement Jump,2026-09-08,07:51:00,931.2,0.4949,65.09,4065,0.883,339.2,-0.3570,3.116,7062,2521,2222,-2.6,-3.3
Demo Athlete 04,Countermovement Jump,2026-09-08,08:21:00,848.7,0.5225,67.27,3722,0.895,322.7,-0.3551,3.202,6954,2469,2098,1.3,3.0
Demo Athlete 07,Countermovement Jump,2026-09-08,08:45:00,893.0,0.4999,66.05,3602,1.016,331.0,-0.3571,3.132,6936,2477,2143,6.6,7.2
Demo Athlete 11,Countermovement Jump,2026-09-08,09:12:00,959.8,0.4163,59.31,4002,0.833,319.7,-0.2991,2.858,8521,2548,2296,7.3,0.0
Demo Athlete 13,Countermovement Jump,2026-09-08,10:45:00,1022.8,0.4253,59.82,5149,0.645,340.2,-0.3535,2.889,7503,2652,2253,4.7,4.2
Demo Athlete 08,Countermovement Jump,2026-09-09,08:06:00,1035.4,0.4265,60.81,4393,0.797,348.1,-0.3537,2.893,7165,2534,2284,-9.0,-4.7
Demo Athlete 10,Countermovement Jump,2026-09-09,10:04:00,810.5,0.5090,65.46,3672,0.839,296.9,-0.3271,3.160,6981,2284,2072,0.4,-2.4
Demo Athlete 17,Countermovement Jump,2026-09-09,08:46:00,1014.7,0.3824,57.22,4165,0.786,333.5,-0.3203,2.739,8122,2601,2226,-1.7,1.4
Demo Athlete 01,Countermovement Jump,2026-09-14,09:43:00,905.7,0.5054,66.24,5567,0.756,329.2,-0.3415,3.149,7748,2646,2246,2.9,4.8
Demo Athlete 06,Countermovement Jump,2026-09-14,10:03:00,964.0,0.4284,60.03,4850,0.710,332.9,-0.3168,2.899,7986,2530,2267,5.4,2.9
Demo Athlete 13,Countermovement Jump,2026-09-14,09:54:00,1020.2,0.4448,62.19,6209,0.656,358.4,-0.3481,2.954,7787,2711,2324,4.2,6.0
Demo Athlete 14,Countermovement Jump,2026-09-14,08:50:00,931.0,0.5353,68.57,5368,0.798,357.8,-0.3167,3.241,8802,2787,2505,-5.6,-0.0
Demo Athlete 16,Countermovement Jump,2026-09-14,08:23:00,952.2,0.5090,65.81,6996,0.656,356.7,-0.2936,3.160,9868,2897,2603,-2.7,-5.7
Demo Athlete 20,Countermovement Jump,2026-09-14,09:53:00,816.4,0.4648,63.41,3564,0.902,288.1,-0.3264,3.020,6737,2199,1979,4.1,13.5
Demo Athlete 02,Countermovement Jump,2026-09-15,08:53:00,915.9,0.4824,64.47,4050,0.947,338.0,-0.3575,3.077,7045,2519,2152,2.7,-3.0
Demo Athlete 03,Countermovement Jump,2026-09-15,08:02:00,940.8,0.3908,57.60,3819,0.864,309.7,-0.2867,2.769,8898,2551,2223,-4.1,-2.7
Demo Athlete 04,Countermovement Jump,2026-09-15,08:00:00,843.2,0.5388,68.70,3918,0.899,315.5,-0.3341,3.251,7465,2494,2203,2.6,7.8
Demo Athlete 07,Countermovement Jump,2026-09-15,08:08:00,901.7,0.5028,65.94,3725,0.944,328.2,-0.3228,3.141,7877,2542,2306,3.6,4.9
Demo Athlete 08,Countermovement Jump,2026-09-15,07:51:00,1031.2,0.4578,62.84,4492,0.910,362.0,-0.3274,2.997,8660,2835,2473,-3.4,-0.6
Demo Athlete 19,Countermovement Jump,2026-09-15,08:52:00,949.0,0.4589,62.19,4217,0.870,332.4,-0.3441,3.000,7242,2492,2214,6.7,4.8
Demo Athlete 05,Countermovement Jump,2026-09-16,10:23:00,812.2,0.4968,65.58,7669,0.575,303.9,-0.2397,3.122,11905,2853,2496,3.3,3.9
Demo Athlete 09,Countermovement Jump,2026-09-16,08:48:00,1028.5,0.4548,61.93,3863,0.865,368.6,-0.3616,2.987,7116,2573,2322,3.4,3.0
Demo Athlete 11,Countermovement Jump,2026-09-16,10:43:00,953.7,0.4103,60.14,3637,0.870,310.4,-0.3499,2.837,6725,2353,2072,4.7,11.5
Demo Athlete 12,Countermovement Jump,2026-09-16,07:53:00,1002.0,0.3556,55.59,5092,0.596,315.1,-0.3729,2.641,6020,2245,1957,-4.7,0.1
Demo Athlete 15,Countermovement Jump,2026-09-16,09:46:00,966.6,0.5379,67.35,5262,0.687,360.5,-0.3808,3.249,7204,2743,2332,-1.4,-3.4
Demo Athlete 01,Countermovement Jump,2026-09-21,08:22:00,900.3,0.4829,64.07,3912,0.785,325.1,-0.3761,3.078,6034,2269,2056,3.6,8.3
Demo Athlete 03,Countermovement Jump,2026-09-21,08:25:00,942.8,0.4004,58.61,3876,0.849,303.3,-0.3412,2.803,6940,2368,2049,3.8,-5.0
Demo Athlete 10,Countermovement Jump,2026-09-21,10:54:00,821.4,0.5135,66.10,4311,0.811,309.8,-0.3243,3.174,7365,2389,2122,0.1,6.2
Demo Athlete 15,Countermovement Jump,2026-09-21,09:37:00,969.1,0.5299,67.24,5523,0.641,367.2,-0.3529,3.224,7648,2699,2424,-3.4,-5.7
Demo Athlete 08,Countermovement Jump,2026-09-22,07:06:00,1037.2,0.4598,62.18,4913,0.850,360.2,-0.3179,3.004,9023,2868,2538,0.5,-3.3
Demo Athlete 12,Countermovement Jump,2026-09-22,08:48:00,999.4,0.3713,56.05,5005,0.664,308.8,-0.3371,2.699,7095,2392,2100,2.6,-3.7
Demo Athlete 13,Countermovement Jump,2026-09-22,10:27:00,1018.7,0.4085,58.82,5016,0.672,331.2,-0.3483,2.831,7488,2608,2214,2.0,5.2
Demo Athlete 05,Countermovement Jump,2026-09-23,08:52:00,803.7,0.4861,64.01,5281,0.751,291.2,-0.2718,3.088,9132,2482,2241,6.3,4.8
Demo Athlete 06,Countermovement Jump,2026-09-23,07:31:00,968.0,0.4262,61.06,5813,0.686,330.4,-0.3280,2.892,8002,2625,2226,5.4,5.9
Demo Athlete 07,Countermovement Jump,2026-09-23,07:13:00,899.3,0.5172,66.89,3469,0.945,332.3,-0.3772,3.186,6391,2410,2132,3.3,0.2
Demo Athlete 09,Countermovement Jump,2026-09-23,10:51:00,1040.3,0.4455,61.60,4597,0.789,360.1,-0.3458,2.956,7611,2632,2380,1.0,4.5
Demo Athlete 11,Countermovement Jump,2026-09-23,08:59:00,960.6,0.4256,60.59,3711,0.936,328.4,-0.3222,2.890,8028,2586,2230,8.4,8.3
Demo Athlete 14,Countermovement Jump,2026-09-23,09:37:00,927.1,0.5444,68.29,4706,0.854,356.1,-0.3037,3.268,9441,2867,2589,3.8,-0.4
Demo Athlete 17,Countermovement Jump,2026-09-23,08:40:00,1014.2,0.3729,56.01,3889,0.782,321.0,-0.3441,2.705,7010,2412,2113,-4.9,0.6
Demo Athlete 18,Countermovement Jump,2026-09-23,09:55:00,798.5,0.4644,62.57,4289,0.683,288.9,-0.3639,3.019,5620,2045,1818,1.9,3.5
Demo Athlete 01,Countermovement Jump,2026-09-28,08:17:00,900.2,0.4992,65.53,5143,0.764,323.9,-0.3124,3.129,8383,2619,2338,6.5,4.7
Demo Athlete 02,Countermovement Jump,2026-09-28,07:15:00,930.5,0.4928,65.28,4507,0.937,334.7,-0.3187,3.110,8396,2676,2370,5.5,-1.1
Demo Athlete 03,Countermovement Jump,2026-09-28,09:05:00,944.2,0.3955,57.95,3632,0.907,300.4,-0.3199,2.786,7282,2329,2112,-5.4,-0.9
Demo Athlete 06,Countermovement Jump,2026-09-28,07:17:00,970.4,0.4354,60.87,5094,0.769,335.9,-0.3074,2.923,8976,2759,2345,8.3,5.4
Demo Athlete 08,Countermovement Jump,2026-09-28,09:41:00,1034.4,0.4511,63.03,3847,0.951,368.8,-0.3349,2.975,8464,2835,2428,-4.6,-2.3
Demo Athlete 09,Countermovement Jump,2026-09-28,08:32:00,1036.0,0.4649,63.04,4771,0.887,371.9,-0.3109,3.020,9226,2868,2585,0.7,6.0
Demo Athlete 10,Countermovement Jump,2026-09-28,08:45:00,817.4,0.4746,64.37,3530,0.911,288.0,-0.3181,3.051,7239,2303,2037,-2.3,-4.2
Demo Athlete 11,Countermovement Jump,2026-09-28,08:44:00,951.6,0.3910,57.50,3571,0.896,305.0,-0.3111,2.770,7828,2435,2148,5.6,3.2
Demo Athlete 14,Countermovement Jump,2026-09-28,07:28:00,925.8,0.4988,65.50,4376,0.895,348.1,-0.2890,3.128,9680,2797,2524,3.8,-0.9
Demo Athlete 15,Countermovement Jump,2026-09-28,08:14:00,964.2,0.5196,66.96,5683,0.687,361.2,-0.3614,3.193,7387,2669,2351,1.2,-1.9
Demo Athlete 19,Countermovement Jump,2026-09-28,09:29:00,957.2,0.4609,63.75,3789,0.892,343.8,-0.3573,3.007,7071,2527,2192,6.8,2.6
Demo Athlete 04,Countermovement Jump,2026-09-29,07:29:00,840.5,0.5622,69.80,4124,0.901,324.8,-0.3573,3.321,7097,2536,2163,12.8,4.6
Demo Athlete 05,Countermovement Jump,2026-09-29,08:16:00,812.9,0.4709,63.27,4920,0.761,290.0,-0.2900,3.039,8587,2490,2133,0.4,1.7
Demo Athlete 07,Countermovement Jump,2026-09-29,08:41:00,889.9,0.5025,65.85,4293,0.800,331.1,-0.3728,3.140,6344,2365,2089,2.7,4.0
Demo Athlete 13,Countermovement Jump,2026-09-29,08:15:00,1021.4,0.4159,59.23,4672,0.700,342.8,-0.3739,2.857,6792,2539,2158,2.7,4.7
Demo Athlete 16,Countermovement Jump,2026-09-29,09:02:00,958.3,0.5125,66.77,5413,0.752,358.1,-0.2995,3.171,9908,2968,2598,-0.6,-4.2
Demo Athlete 20,Countermovement Jump,2026-09-30,10:45:00,818.6,0.4907,65.54,5145,0.807,302.5,-0.2925,3.103,8625,2523,2192,6.5,8.0
